ts,lat,lat_min,lon,lon_min,thru
2017-06-01 17:01:00,48,27.1081,107,14.7059,3.09
2017-06-01 17:03:00,48,26.8798,107,11.559,3.62
2017-06-01 17:04:59,48,25.2012,107,9.6325,3.32
2017-06-01 17:09:39,48,23.679,107,3.4908,2.9
2017-06-01 17:10:59,48,24.0641,107,1.6061,3.2
2017-06-01 17:11:40,48,24.0637,107,0.5337,2.83
2017-06-01 17:12:59,48,23.6292,106,58.5322,2.9
2017-06-01 17:16:59,48,23.2157,106,52.2389,2.76
2017-06-01 17:18:59,48,22.8572,106,38.119,3.48
2017-06-01 17:18:59,48,11.7755,106,49.1577,3.48
2017-06-01 17:18:59,48,22.8572,106,49.1577,3.48
2017-06-01 17:19:39,48,11.7758,106,38.1188,2.8
2017-06-01 17:19:39,48,22.4008,106,38.1188,0.84
2017-06-01 17:19:39,48,22.4008,106,38.1188,2.8
2017-06-01 17:20:19,48,11.7759,106,38.1188,0.89
2017-06-01 17:20:19,48,11.7759,106,38.1188,3.08
2017-06-01 17:20:19,48,22.0466,106,38.1188,0.89
2017-06-01 17:20:19,48,22.0466,106,38.1188,3.08
2017-06-01 17:20:59,48,11.7761,106,38.1187,0.82
2017-06-01 17:20:59,48,11.7761,106,38.1187,3.36
2017-06-01 17:20:59,48,21.6007,106,38.1187,0.82
2017-06-01 17:20:59,48,21.6007,106,38.1187,3.36
2017-06-01 17:20:59,48,11.7761,106,46.5608,0.82
2017-06-01 17:20:59,48,11.7761,106,46.5608,3.36
2017-06-01 17:20:59,48,21.6007,106,46.5608,0.82
2017-06-01 17:20:59,48,21.6007,106,46.5608,3.36
2017-06-01 17:21:39,48,11.7761,106,38.1187,1.07
2017-06-01 17:21:39,48,11.7761,106,38.1187,3.21
2017-06-01 17:21:39,48,21.1497,106,38.1187,1.07
2017-06-01 17:21:39,48,21.1497,106,38.1187,3.21
2017-06-01 17:22:19,48,11.7762,106,38.1188,0.85
2017-06-01 17:22:19,48,11.7762,106,38.1188,2.93
2017-06-01 17:22:19,48,20.5449,106,38.1188,0.85
2017-06-01 17:22:19,48,20.5449,106,38.1188,2.93
2017-06-01 17:22:59,48,11.7762,106,38.1187,0.82
2017-06-01 17:22:59,48,11.7762,106,38.1187,2.77
2017-06-01 17:22:59,48,19.9378,106,38.1187,0.82
2017-06-01 17:22:59,48,19.9378,106,38.1187,2.77
2017-06-01 17:22:59,48,11.7762,106,44.8076,0.82
2017-06-01 17:22:59,48,11.7762,106,44.8076,2.77
2017-06-01 17:22:59,48,19.9378,106,44.8076,0.82
2017-06-01 17:22:59,48,19.9378,106,44.8076,2.77
2017-06-01 17:24:19,48,11.7762,106,38.1187,0.9
2017-06-01 17:24:19,48,11.7762,106,38.1187,2.51
2017-06-01 17:24:19,48,18.7369,106,38.1187,0.9
2017-06-01 17:24:19,48,18.7369,106,38.1187,2.51
2017-06-01 17:24:59,48,11.7763,106,38.1187,0.8
2017-06-01 17:24:59,48,11.7763,106,38.1187,3.16
2017-06-01 17:24:59,48,18.144,106,38.1187,0.8
2017-06-01 17:24:59,48,18.144,106,38.1187,3.16
2017-06-01 17:24:59,48,11.7763,106,43.0643,0.8
2017-06-01 17:24:59,48,11.7763,106,43.0643,3.16
2017-06-01 17:24:59,48,18.144,106,43.0643,0.8
2017-06-01 17:24:59,48,18.144,106,43.0643,3.16
2017-06-01 17:25:40,48,11.7764,106,38.1187,0.85
2017-06-01 17:25:40,48,11.7764,106,42.8684,0.85
2017-06-01 17:25:41,48,11.7764,106,38.1187,3.15
2017-06-01 17:25:53,48,11.7764,106,38.1187,NULL
2017-06-01 17:25:53,48,11.7764,106,38.1187,3.45
2017-06-01 17:26:29,48,11.7765,106,38.1187,0.74
2017-06-01 17:26:30,48,11.7765,106,38.1187,2.45
2017-06-01 17:26:32,48,11.7765,106,38.1187,NULL
2017-06-01 17:26:32,48,11.7765,106,38.1187,2.9
2017-06-01 17:26:32,48,11.7765,106,42.7994,NULL
2017-06-01 17:26:32,48,11.7765,106,42.7994,2.9
2017-06-01 17:27:13,48,11.7847,106,38.1195,NULL
2017-06-01 17:27:13,48,11.7847,106,38.1195,3.06
2017-06-01 17:27:22,48,11.7914,106,38.1177,NULL
2017-06-01 17:27:22,48,11.7914,106,38.1177,2.8
2017-06-01 17:27:52,48,11.853,106,38.2838,NULL
2017-06-01 17:27:52,48,11.853,106,38.2838,3.27
2017-06-01 17:28:07,48,11.8543,106,42.4352,NULL
2017-06-01 17:28:07,48,11.8543,106,42.4352,1.03
2017-06-01 17:28:32,48,11.8515,106,38.3212,NULL
2017-06-01 17:28:32,48,11.8515,106,38.3212,3.06
2017-06-01 17:28:32,48,11.8515,106,42.3553,NULL
2017-06-01 17:28:32,48,11.8515,106,42.3553,3.06
2017-06-01 17:29:01,48,11.8395,106,38.2646,1.14
2017-06-01 17:29:01,48,11.8395,106,38.2646,3.27
2017-06-01 17:29:12,48,11.8204,106,38.2095,NULL
2017-06-01 17:29:12,48,11.8204,106,38.2095,3.1
2017-06-01 17:29:12,48,16.8438,106,38.2095,NULL
2017-06-01 17:29:12,48,16.8438,106,38.2095,3.1
2017-06-01 17:29:51,48,11.7114,106,42.0208,0.88
2017-06-01 17:29:51,48,11.7114,106,42.0208,3.07
2017-06-01 17:29:51,48,16.6782,106,42.0208,0.88
2017-06-01 17:29:51,48,16.6782,106,42.0208,3.07
2017-06-01 17:29:52,48,11.7103,106,38.2316,NULL
2017-06-01 17:29:52,48,11.7103,106,38.2316,3.08
2017-06-01 17:29:52,48,16.6644,106,38.2316,NULL
2017-06-01 17:29:52,48,16.6644,106,38.2316,3.08
2017-06-01 17:29:52,48,11.7103,106,38.235,NULL
2017-06-01 17:29:52,48,11.7103,106,38.235,3.08
2017-06-01 17:29:52,48,16.6644,106,38.235,NULL
2017-06-01 17:29:52,48,16.6644,106,38.235,3.08
2017-06-01 17:29:52,48,11.7103,106,41.9893,NULL
2017-06-01 17:29:52,48,11.7103,106,41.9893,3.08
2017-06-01 17:29:52,48,16.6644,106,41.9893,NULL
2017-06-01 17:29:52,48,16.6644,106,41.9893,3.08
2017-06-01 17:29:52,48,11.7103,106,42.005,NULL
2017-06-01 17:29:52,48,11.7103,106,42.005,3.08
2017-06-01 17:29:52,48,16.6644,106,42.005,NULL
2017-06-01 17:29:52,48,16.6644,106,42.005,3.08
2017-06-01 17:30:28,48,11.6561,106,38.0729,0.89
2017-06-01 17:30:28,48,11.6561,106,38.0729,3.05
2017-06-01 17:30:28,48,15.6322,106,38.0729,0.89
2017-06-01 17:30:28,48,15.6322,106,38.0729,3.05
2017-06-01 17:30:28,48,11.6561,106,41.6226,0.89
2017-06-01 17:30:28,48,11.6561,106,41.6226,3.05
2017-06-01 17:30:28,48,15.6322,106,41.6226,0.89
2017-06-01 17:30:28,48,15.6322,106,41.6226,3.05
2017-06-01 17:30:32,48,11.6449,106,38.0406,NULL
2017-06-01 17:30:32,48,11.6449,106,38.0406,3.14
2017-06-01 17:30:32,48,15.5279,106,38.0406,NULL
2017-06-01 17:30:32,48,15.5279,106,38.0406,3.14
2017-06-01 17:30:32,48,15.5453,106,38.0406,NULL
2017-06-01 17:30:32,48,15.5453,106,38.0406,3.14
2017-06-01 17:30:32,48,11.6449,106,41.6224,NULL
2017-06-01 17:30:32,48,11.6449,106,41.6224,3.14
2017-06-01 17:30:32,48,15.5279,106,41.6224,NULL
2017-06-01 17:30:32,48,15.5279,106,41.6224,3.14
2017-06-01 17:30:32,48,15.5453,106,41.6224,NULL
2017-06-01 17:30:32,48,15.5453,106,41.6224,3.14
2017-06-01 17:31:08,48,11.4835,106,37.6252,0.77
2017-06-01 17:31:08,48,11.4835,106,37.6252,3.06
2017-06-01 17:31:08,48,14.5182,106,37.6252,0.77
2017-06-01 17:31:08,48,14.5182,106,37.6252,3.06
2017-06-01 17:31:08,48,14.5358,106,37.6252,0.77
2017-06-01 17:31:08,48,14.5358,106,37.6252,3.06
2017-06-01 17:31:08,48,11.4835,106,41.1406,0.77
2017-06-01 17:31:08,48,11.4835,106,41.1406,3.06
2017-06-01 17:31:08,48,14.5182,106,41.1406,0.77
2017-06-01 17:31:08,48,14.5182,106,41.1406,3.06
2017-06-01 17:31:08,48,14.5358,106,41.1406,0.77
2017-06-01 17:31:08,48,14.5358,106,41.1406,3.06
2017-06-01 17:31:08,48,11.4835,106,41.1515,0.77
2017-06-01 17:31:08,48,11.4835,106,41.1515,3.06
2017-06-01 17:31:08,48,14.5182,106,41.1515,0.77
2017-06-01 17:31:08,48,14.5182,106,41.1515,3.06
2017-06-01 17:31:08,48,14.5358,106,41.1515,0.77
2017-06-01 17:31:08,48,14.5358,106,41.1515,3.06
2017-06-01 17:31:12,48,11.4475,106,37.5758,NULL
2017-06-01 17:31:12,48,11.4475,106,37.5758,3.24
2017-06-01 17:31:12,48,14.4361,106,37.5758,NULL
2017-06-01 17:31:12,48,14.4361,106,37.5758,3.24
2017-06-01 17:31:12,48,11.4475,106,41.0799,NULL
2017-06-01 17:31:12,48,11.4475,106,41.0799,3.24
2017-06-01 17:31:12,48,14.4361,106,41.0799,NULL
2017-06-01 17:31:12,48,14.4361,106,41.0799,3.24
2017-06-01 17:31:12,48,11.4475,106,41.0938,NULL
2017-06-01 17:31:12,48,11.4475,106,41.0938,3.24
2017-06-01 17:31:12,48,14.4361,106,41.0938,NULL
2017-06-01 17:31:12,48,14.4361,106,41.0938,3.24
2017-06-01 17:31:48,48,11.0317,106,37.13,0.87
2017-06-01 17:31:48,48,11.0317,106,37.13,3.12
2017-06-01 17:31:48,48,13.6531,106,37.13,0.87
2017-06-01 17:31:48,48,13.6531,106,37.13,3.12
2017-06-01 17:31:48,48,13.6654,106,37.13,0.87
2017-06-01 17:31:48,48,13.6654,106,37.13,3.12
2017-06-01 17:31:48,48,11.0317,106,39.9408,0.87
2017-06-01 17:31:48,48,11.0317,106,39.9408,3.12
2017-06-01 17:31:48,48,13.6531,106,39.9408,0.87
2017-06-01 17:31:48,48,13.6531,106,39.9408,3.12
2017-06-01 17:31:48,48,13.6654,106,39.9408,0.87
2017-06-01 17:31:48,48,13.6654,106,39.9408,3.12
2017-06-01 17:31:52,48,10.9829,106,37.0785,NULL
2017-06-01 17:31:52,48,10.9829,106,37.0785,3.32
2017-06-01 17:31:52,48,13.5927,106,37.0785,NULL
2017-06-01 17:31:52,48,13.5927,106,37.0785,3.32
2017-06-01 17:31:52,48,13.6045,106,37.0785,NULL
2017-06-01 17:31:52,48,13.6045,106,37.0785,3.32
2017-06-01 17:31:52,48,10.9829,106,39.8312,NULL
2017-06-01 17:31:52,48,10.9829,106,39.8312,3.32
2017-06-01 17:31:52,48,13.5927,106,39.8312,NULL
2017-06-01 17:31:52,48,13.5927,106,39.8312,3.32
2017-06-01 17:31:52,48,13.6045,106,39.8312,NULL
2017-06-01 17:31:52,48,13.6045,106,39.8312,3.32
2017-06-01 17:31:52,48,10.9829,106,39.8488,NULL
2017-06-01 17:31:52,48,10.9829,106,39.8488,3.32
2017-06-01 17:31:52,48,13.5927,106,39.8488,NULL
2017-06-01 17:31:52,48,13.5927,106,39.8488,3.32
2017-06-01 17:31:52,48,13.6045,106,39.8488,NULL
2017-06-01 17:31:52,48,13.6045,106,39.8488,3.32
2017-06-01 17:32:28,48,10.5312,106,36.6869,0.82
2017-06-01 17:32:28,48,10.5312,106,36.6869,3.12
2017-06-01 17:32:28,48,13.0195,106,36.6869,0.82
2017-06-01 17:32:28,48,13.0195,106,36.6869,3.12
2017-06-01 17:32:28,48,13.0284,106,36.6869,0.82
2017-06-01 17:32:28,48,13.0284,106,36.6869,3.12
2017-06-01 17:32:28,48,10.5312,106,38.9948,0.82
2017-06-01 17:32:28,48,10.5312,106,38.9948,3.12
2017-06-01 17:32:28,48,13.0195,106,38.9948,0.82
2017-06-01 17:32:28,48,13.0195,106,38.9948,3.12
2017-06-01 17:32:28,48,13.0284,106,38.9948,0.82
2017-06-01 17:32:28,48,13.0284,106,38.9948,3.12
2017-06-01 17:32:28,48,10.5312,106,39.0072,0.82
2017-06-01 17:32:28,48,10.5312,106,39.0072,3.12
2017-06-01 17:32:28,48,13.0195,106,39.0072,0.82
2017-06-01 17:32:28,48,13.0195,106,39.0072,3.12
2017-06-01 17:32:28,48,13.0284,106,39.0072,0.82
2017-06-01 17:32:28,48,13.0284,106,39.0072,3.12
2017-06-01 17:32:32,48,10.4989,106,38.9303,NULL
2017-06-01 17:32:32,48,10.4989,106,38.9303,3.29
2017-06-01 17:32:32,48,12.973,106,38.9303,NULL
2017-06-01 17:32:32,48,12.973,106,38.9303,3.29
2017-06-01 17:32:32,48,10.4989,106,38.9436,NULL
2017-06-01 17:32:32,48,10.4989,106,38.9436,3.29
2017-06-01 17:32:32,48,12.973,106,38.9436,NULL
2017-06-01 17:32:32,48,12.973,106,38.9436,3.29
2017-06-01 17:33:08,48,10.1263,106,36.0161,0.73
2017-06-01 17:33:08,48,10.1263,106,36.0161,3.02
2017-06-01 17:33:08,48,12.4132,106,36.0161,0.73
2017-06-01 17:33:08,48,12.4132,106,36.0161,3.02
2017-06-01 17:33:08,48,12.4229,106,36.0161,0.73
2017-06-01 17:33:08,48,12.4229,106,36.0161,3.02
2017-06-01 17:33:08,48,10.1263,106,38.4814,0.73
2017-06-01 17:33:08,48,10.1263,106,38.4814,3.02
2017-06-01 17:33:08,48,12.4132,106,38.4814,0.73
2017-06-01 17:33:08,48,12.4132,106,38.4814,3.02
2017-06-01 17:33:08,48,12.4229,106,38.4814,0.73
2017-06-01 17:33:08,48,12.4229,106,38.4814,3.02
2017-06-01 17:33:12,48,10.0828,106,35.9417,NULL
2017-06-01 17:33:12,48,10.0828,106,35.9417,3.49
2017-06-01 17:33:12,48,12.3663,106,35.9417,NULL
2017-06-01 17:33:12,48,12.3663,106,35.9417,3.49
2017-06-01 17:33:12,48,12.3756,106,35.9417,NULL
2017-06-01 17:33:12,48,12.3756,106,35.9417,3.49
2017-06-01 17:33:12,48,10.0828,106,38.4809,NULL
2017-06-01 17:33:12,48,10.0828,106,38.4809,3.49
2017-06-01 17:33:12,48,12.3663,106,38.4809,NULL
2017-06-01 17:33:12,48,12.3663,106,38.4809,3.49
2017-06-01 17:33:12,48,12.3756,106,38.4809,NULL
2017-06-01 17:33:12,48,12.3756,106,38.4809,3.49
2017-06-01 17:33:48,48,9.5779,106,35.562,1.01
2017-06-01 17:33:48,48,9.5779,106,35.562,2.86
2017-06-01 17:33:48,48,11.8523,106,35.562,1.01
2017-06-01 17:33:48,48,11.8523,106,35.562,2.86
2017-06-01 17:33:48,48,11.8553,106,35.562,1.01
2017-06-01 17:33:48,48,11.8553,106,35.562,2.86
2017-06-01 17:33:48,48,9.5779,106,38.302,1.01
2017-06-01 17:33:48,48,9.5779,106,38.302,2.86
2017-06-01 17:33:48,48,11.8523,106,38.302,1.01
2017-06-01 17:33:48,48,11.8523,106,38.302,2.86
2017-06-01 17:33:48,48,11.8553,106,38.302,1.01
2017-06-01 17:33:48,48,11.8553,106,38.302,2.86
2017-06-01 17:33:48,48,9.5779,106,38.3109,1.01
2017-06-01 17:33:48,48,9.5779,106,38.3109,2.86
2017-06-01 17:33:48,48,11.8523,106,38.3109,1.01
2017-06-01 17:33:48,48,11.8523,106,38.3109,2.86
2017-06-01 17:33:48,48,11.8553,106,38.3109,1.01
2017-06-01 17:33:48,48,11.8553,106,38.3109,2.86
2017-06-01 17:33:52,48,9.5136,106,35.5411,NULL
2017-06-01 17:33:52,48,9.5136,106,35.5411,3.09
2017-06-01 17:33:52,48,11.8382,106,35.5411,NULL
2017-06-01 17:33:52,48,11.8382,106,35.5411,3.09
2017-06-01 17:33:52,48,11.8401,106,35.5411,NULL
2017-06-01 17:33:52,48,11.8401,106,35.5411,3.09
2017-06-01 17:33:52,48,9.5136,106,38.2644,NULL
2017-06-01 17:33:52,48,9.5136,106,38.2644,3.09
2017-06-01 17:33:52,48,11.8382,106,38.2644,NULL
2017-06-01 17:33:52,48,11.8382,106,38.2644,3.09
2017-06-01 17:33:52,48,11.8401,106,38.2644,NULL
2017-06-01 17:33:52,48,11.8401,106,38.2644,3.09
2017-06-01 17:34:28,48,8.991,106,35.9104,0.79
2017-06-01 17:34:28,48,8.991,106,35.9104,3.83
2017-06-01 17:34:28,48,11.7795,106,35.9104,0.79
2017-06-01 17:34:28,48,11.7795,106,35.9104,3.83
2017-06-01 17:34:28,48,8.991,106,38.0551,0.79
2017-06-01 17:34:28,48,8.991,106,38.0551,3.83
2017-06-01 17:34:28,48,11.7795,106,38.0551,0.79
2017-06-01 17:34:28,48,11.7795,106,38.0551,3.83
2017-06-01 17:34:32,48,8.9256,106,35.9156,NULL
2017-06-01 17:34:32,48,8.9256,106,35.9156,3.17
2017-06-01 17:34:32,48,11.7734,106,35.9156,NULL
2017-06-01 17:34:32,48,11.7734,106,35.9156,3.17
2017-06-01 17:34:32,48,8.9256,106,38.0346,NULL
2017-06-01 17:34:32,48,8.9256,106,38.0346,3.17
2017-06-01 17:34:32,48,11.7734,106,38.0346,NULL
2017-06-01 17:34:32,48,11.7734,106,38.0346,3.17
2017-06-01 17:35:08,48,8.3342,106,35.9109,0.75
2017-06-01 17:35:08,48,8.3342,106,35.9109,3.23
2017-06-01 17:35:08,48,11.7475,106,35.9109,0.75
2017-06-01 17:35:08,48,11.7475,106,35.9109,3.23
2017-06-01 17:35:08,48,11.7497,106,35.9109,0.75
2017-06-01 17:35:08,48,11.7497,106,35.9109,3.23
2017-06-01 17:35:08,48,8.3342,106,37.9511,0.75
2017-06-01 17:35:08,48,8.3342,106,37.9511,3.23
2017-06-01 17:35:08,48,11.7475,106,37.9511,0.75
2017-06-01 17:35:08,48,11.7475,106,37.9511,3.23
2017-06-01 17:35:08,48,11.7497,106,37.9511,0.75
2017-06-01 17:35:08,48,11.7497,106,37.9511,3.23
2017-06-01 17:35:12,48,8.2688,106,35.9105,NULL
2017-06-01 17:35:12,48,8.2688,106,35.9105,3.43
2017-06-01 17:35:12,48,11.7428,106,35.9105,NULL
2017-06-01 17:35:12,48,11.7428,106,35.9105,3.43
2017-06-01 17:35:12,48,11.7432,106,35.9105,NULL
2017-06-01 17:35:12,48,11.7432,106,35.9105,3.43
2017-06-01 17:35:12,48,8.2688,106,37.9215,NULL
2017-06-01 17:35:12,48,8.2688,106,37.9215,3.43
2017-06-01 17:35:12,48,11.7428,106,37.9215,NULL
2017-06-01 17:35:12,48,11.7428,106,37.9215,3.43
2017-06-01 17:35:12,48,11.7432,106,37.9215,NULL
2017-06-01 17:35:12,48,11.7432,106,37.9215,3.43
2017-06-01 17:35:12,48,8.2688,106,37.9233,NULL
2017-06-01 17:35:12,48,8.2688,106,37.9233,3.43
2017-06-01 17:35:12,48,11.7428,106,37.9233,NULL
2017-06-01 17:35:12,48,11.7428,106,37.9233,3.43
2017-06-01 17:35:12,48,11.7432,106,37.9233,NULL
2017-06-01 17:35:12,48,11.7432,106,37.9233,3.43
2017-06-01 17:35:49,48,7.6823,106,35.9074,0.64
2017-06-01 17:35:49,48,7.6823,106,35.9074,3.15
2017-06-01 17:35:49,48,11.7637,106,35.9074,0.64
2017-06-01 17:35:49,48,11.7637,106,35.9074,3.15
2017-06-01 17:35:49,48,7.6823,106,37.8842,0.64
2017-06-01 17:35:49,48,7.6823,106,37.8842,3.15
2017-06-01 17:35:49,48,11.7637,106,37.8842,0.64
2017-06-01 17:35:49,48,11.7637,106,37.8842,3.15
2017-06-01 17:35:52,48,7.6376,106,35.9077,NULL
2017-06-01 17:35:52,48,7.6376,106,35.9077,2.97
2017-06-01 17:35:52,48,11.7637,106,35.9077,NULL
2017-06-01 17:35:52,48,11.7637,106,35.9077,2.97
2017-06-01 17:35:52,48,7.6376,106,37.8842,NULL
2017-06-01 17:35:52,48,7.6376,106,37.8842,2.97
2017-06-01 17:35:52,48,11.7637,106,37.8842,NULL
2017-06-01 17:35:52,48,11.7637,106,37.8842,2.97
2017-06-01 17:36:28,48,7.0971,106,35.9039,0.83
2017-06-01 17:36:28,48,7.0971,106,35.9039,3.26
2017-06-01 17:36:28,48,11.7548,106,35.9039,0.83
2017-06-01 17:36:28,48,11.7548,106,35.9039,3.26
2017-06-01 17:36:28,48,7.0971,106,37.8898,0.83
2017-06-01 17:36:28,48,7.0971,106,37.8898,3.26
2017-06-01 17:36:28,48,11.7548,106,37.8898,0.83
2017-06-01 17:36:28,48,11.7548,106,37.8898,3.26
2017-06-01 17:36:32,48,7.0335,106,37.89,NULL
2017-06-01 17:36:32,48,7.0335,106,37.89,2.97
2017-06-01 17:36:32,48,11.7548,106,37.89,NULL
2017-06-01 17:36:32,48,11.7548,106,37.89,2.97
2017-06-01 17:37:09,48,6.4571,106,35.9006,1.16
2017-06-01 17:37:09,48,6.4571,106,35.9006,2.88
2017-06-01 17:37:09,48,11.7594,106,35.9006,1.16
2017-06-01 17:37:09,48,11.7594,106,35.9006,2.88
2017-06-01 17:37:09,48,6.4571,106,37.8933,1.16
2017-06-01 17:37:09,48,6.4571,106,37.8933,2.88
2017-06-01 17:37:09,48,11.7594,106,37.8933,1.16
2017-06-01 17:37:09,48,11.7594,106,37.8933,2.88
2017-06-01 17:37:12,48,11.7594,106,35.9004,NULL
2017-06-01 17:37:12,48,11.7594,106,35.9004,3.14
2017-06-01 17:37:12,48,11.7594,106,37.8933,NULL
2017-06-01 17:37:12,48,11.7594,106,37.8933,3.14
2017-06-01 17:37:52,48,5.7995,106,35.8968,NULL
2017-06-01 17:37:52,48,5.7995,106,35.8968,2.95
2017-06-01 17:39:52,48,3.9948,106,35.2882,NULL
2017-06-01 17:39:52,48,3.9948,106,35.2882,2.94
2017-06-01 17:40:32,48,3.5111,106,34.614,NULL
2017-06-01 17:40:32,48,3.5111,106,34.614,2.94
2017-06-01 17:41:52,48,2.5503,106,33.2141,NULL
2017-06-01 17:41:52,48,2.5503,106,33.2141,3.16
2017-06-01 17:42:32,48,2.0431,106,32.4649,NULL
2017-06-01 17:42:32,48,2.0431,106,32.4649,3.32
2017-06-01 17:43:12,48,1.5355,106,31.7136,NULL
2017-06-01 17:43:12,48,1.5355,106,31.7136,3.1
2017-06-01 17:43:52,48,1.0539,106,30.9313,NULL
2017-06-01 17:43:52,48,1.0539,106,30.9313,2.7
2017-06-01 17:45:52,48,0.0936,106,29.1298,NULL
2017-06-01 17:45:52,48,0.0936,106,29.1298,3.01
2017-06-01 17:46:32,47,59.9785,106,28.4659,NULL
2017-06-01 17:46:32,47,59.9785,106,28.4659,3.26
2017-06-01 17:47:12,47,59.8284,106,27.8143,NULL
2017-06-01 17:47:12,47,59.8284,106,27.8143,3.73
2017-06-01 17:47:52,47,59.7325,106,27.1376,NULL
2017-06-01 17:47:52,47,59.7325,106,27.1376,2.88
2017-06-01 17:48:32,47,59.7401,106,26.4534,NULL
2017-06-01 17:48:32,47,59.7401,106,26.4534,2.94
2017-06-01 17:49:12,47,59.8425,106,26.0559,NULL
2017-06-01 17:49:12,47,59.8425,106,26.0559,2.94
2017-06-01 17:49:52,47,59.8431,106,26.0538,NULL
2017-06-01 17:49:52,47,59.8431,106,26.0538,2.69
2017-06-01 17:50:32,47,59.8431,106,26.0539,NULL
2017-06-01 17:50:32,47,59.8431,106,26.0539,2.91
2017-06-01 17:51:12,47,59.843,106,26.0541,NULL
2017-06-01 17:51:12,47,59.843,106,26.0541,3.45
2017-06-01 17:51:52,47,59.8725,106,25.9602,NULL
2017-06-01 17:51:52,47,59.8725,106,25.9602,3.09
2017-06-01 17:52:32,48,0.0631,106,25.3139,NULL
2017-06-01 17:52:32,48,0.0631,106,25.3139,3.02
2017-06-01 17:53:52,48,0.5023,106,23.9122,NULL
2017-06-01 17:53:52,48,0.5023,106,23.9122,3.48
2017-06-01 17:54:32,48,0.7185,106,23.2206,NULL
2017-06-01 17:54:32,48,0.7185,106,23.2206,2.99
2017-06-01 17:55:12,48,1.2096,106,22.7161,NULL
2017-06-01 17:55:12,48,1.2096,106,22.7161,2.95
2017-06-01 17:55:52,48,1.416,106,21.9564,NULL
2017-06-01 17:55:52,48,1.416,106,21.9564,3.14
2017-06-01 17:56:32,48,1.3144,106,21.252,NULL
2017-06-01 17:56:32,48,1.3144,106,21.252,3.32
2017-06-01 17:57:12,48,1.2167,106,20.6485,NULL
2017-06-01 17:57:12,48,1.2167,106,20.6485,3.09
2017-06-01 17:57:52,48,0.7723,106,19.992,NULL
2017-06-01 17:57:52,48,0.7723,106,19.992,3.07
2017-06-01 17:58:32,48,0.2762,106,19.2913,NULL
2017-06-01 17:58:32,48,0.2762,106,19.2913,2.94
2017-06-01 17:59:12,47,59.8071,106,18.6064,NULL
2017-06-01 17:59:12,47,59.8071,106,18.6064,1.42
2017-06-01 17:59:52,47,59.3256,106,17.8991,NULL
2017-06-01 17:59:52,47,59.3256,106,17.8991,2.65
2017-06-01 18:00:32,47,58.7873,106,17.2732,NULL
2017-06-01 18:00:32,47,58.7873,106,17.2732,3.27
2017-06-01 18:10:32,47,55.9767,106,13.8671,NULL
2017-06-01 18:10:32,47,55.9767,106,13.8671,2.72
2017-06-01 18:10:32,47,55.9859,106,13.8671,NULL
2017-06-01 18:10:32,47,55.9859,106,13.8671,2.72
2017-06-01 18:10:32,47,55.9767,106,13.8887,NULL
2017-06-01 18:10:32,47,55.9767,106,13.8887,2.72
2017-06-01 18:10:32,47,55.9859,106,13.8887,NULL
2017-06-01 18:10:32,47,55.9859,106,13.8887,2.72
2017-06-01 18:11:11,47,55.3126,106,12.1568,NULL
2017-06-01 18:11:11,47,55.3126,106,12.1568,2.03
2017-06-01 18:11:11,47,55.3235,106,12.1568,NULL
2017-06-01 18:11:11,47,55.3235,106,12.1568,2.03
2017-06-01 18:11:11,47,55.3126,106,12.1855,NULL
2017-06-01 18:11:11,47,55.3126,106,12.1855,2.03
2017-06-01 18:11:11,47,55.3235,106,12.1855,NULL
2017-06-01 18:11:11,47,55.3235,106,12.1855,2.03
2017-06-01 18:11:51,47,54.346,106,10.6147,NULL
2017-06-01 18:11:51,47,54.346,106,10.6147,2.87
2017-06-01 18:11:51,47,54.3644,106,10.6147,NULL
2017-06-01 18:11:51,47,54.3644,106,10.6147,2.87
2017-06-01 18:11:51,47,54.346,106,10.62,NULL
2017-06-01 18:11:51,47,54.346,106,10.62,2.87
2017-06-01 18:11:51,47,54.3644,106,10.62,NULL
2017-06-01 18:11:51,47,54.3644,106,10.62,2.87
2017-06-01 18:12:31,47,52.9465,106,10.2109,NULL
2017-06-01 18:12:31,47,52.9465,106,10.2109,3.07
2017-06-01 18:12:31,47,52.9638,106,10.2109,NULL
2017-06-01 18:12:31,47,52.9638,106,10.2109,3.07
2017-06-01 18:12:31,47,52.9465,106,10.2161,NULL
2017-06-01 18:12:31,47,52.9465,106,10.2161,3.07
2017-06-01 18:12:31,47,52.9638,106,10.2161,NULL
2017-06-01 18:12:31,47,52.9638,106,10.2161,3.07
2017-06-01 18:13:12,47,51.6199,106,9.8154,NULL
2017-06-01 18:13:12,47,51.6199,106,9.8154,2.43
2017-06-01 18:13:12,47,51.6366,106,9.8154,NULL
2017-06-01 18:13:12,47,51.6366,106,9.8154,2.43
2017-06-01 18:13:12,47,51.6199,106,9.8203,NULL
2017-06-01 18:13:12,47,51.6199,106,9.8203,2.43
2017-06-01 18:13:12,47,51.6366,106,9.8203,NULL
2017-06-01 18:13:12,47,51.6366,106,9.8203,2.43
2017-06-01 18:13:51,47,50.3711,106,9.0466,NULL
2017-06-01 18:13:51,47,50.3711,106,9.0466,3.2
2017-06-01 18:13:51,47,50.3863,106,9.0466,NULL
2017-06-01 18:13:51,47,50.3863,106,9.0466,3.2
2017-06-01 18:13:51,47,50.3711,106,9.0591,NULL
2017-06-01 18:13:51,47,50.3711,106,9.0591,3.2
2017-06-01 18:13:51,47,50.3863,106,9.0591,NULL
2017-06-01 18:13:51,47,50.3863,106,9.0591,3.2
2017-06-01 18:14:31,47,49.1655,106,8.6411,NULL
2017-06-01 18:14:31,47,49.1655,106,8.6411,1.79
2017-06-01 18:14:31,47,49.1805,106,8.6411,NULL
2017-06-01 18:14:31,47,49.1805,106,8.6411,1.79
2017-06-01 18:14:31,47,49.1655,106,8.6536,NULL
2017-06-01 18:14:31,47,49.1655,106,8.6536,1.79
2017-06-01 18:14:31,47,49.1805,106,8.6536,NULL
2017-06-01 18:14:31,47,49.1805,106,8.6536,1.79
2017-06-01 18:15:11,47,47.9139,106,9.2118,NULL
2017-06-01 18:15:11,47,47.9139,106,9.2118,3.03
2017-06-01 18:15:11,47,47.9306,106,9.2118,NULL
2017-06-01 18:15:11,47,47.9306,106,9.2118,3.03
2017-06-01 18:15:11,47,47.9139,106,9.2174,NULL
2017-06-01 18:15:11,47,47.9139,106,9.2174,3.03
2017-06-01 18:15:11,47,47.9306,106,9.2174,NULL
2017-06-01 18:15:11,47,47.9306,106,9.2174,3.03
2017-06-01 18:15:51,47,46.5685,106,9.2472,NULL
2017-06-01 18:15:51,47,46.5685,106,9.2472,2.61
2017-06-01 18:16:31,47,45.1216,106,9.1661,NULL
2017-06-01 18:16:31,47,45.1216,106,9.1661,2.75
2017-06-01 18:16:31,47,45.1397,106,9.1661,NULL
2017-06-01 18:16:31,47,45.1397,106,9.1661,2.75
2017-06-01 18:16:31,47,45.1216,106,9.1675,NULL
2017-06-01 18:16:31,47,45.1216,106,9.1675,2.75
2017-06-01 18:16:31,47,45.1397,106,9.1675,NULL
2017-06-01 18:16:31,47,45.1397,106,9.1675,2.75
2017-06-01 18:17:11,47,43.6853,106,9.1159,NULL
2017-06-01 18:17:11,47,43.6853,106,9.1159,3.15
2017-06-01 18:17:11,47,43.7034,106,9.1159,NULL
2017-06-01 18:17:11,47,43.7034,106,9.1159,3.15
2017-06-01 18:17:11,47,43.6853,106,9.1202,NULL
2017-06-01 18:17:11,47,43.6853,106,9.1202,3.15
2017-06-01 18:17:11,47,43.7034,106,9.1202,NULL
2017-06-01 18:17:11,47,43.7034,106,9.1202,3.15
2017-06-01 18:17:51,47,42.8849,106,9.2397,NULL
2017-06-01 18:17:51,47,42.8849,106,9.2397,2.98
2017-06-01 18:18:31,47,42.152,106,9.2735,NULL
2017-06-01 18:18:31,47,42.152,106,9.2735,3.08
2017-06-01 18:19:11,47,41.4531,106,9.3049,NULL
2017-06-01 18:19:11,47,41.4531,106,9.3049,3.05
2017-06-01 18:19:51,47,40.797,106,9.2792,NULL
2017-06-01 18:19:51,47,40.797,106,9.2792,3.3
2017-06-01 18:20:31,47,40.1405,106,9.2341,NULL
2017-06-01 18:20:31,47,40.1405,106,9.2341,3.19
2017-06-01 18:21:11,47,39.433,106,9.1852,NULL
2017-06-01 18:21:11,47,39.433,106,9.1852,2.84
2017-06-01 18:21:51,47,38.7097,106,9.175,NULL
2017-06-01 18:21:51,47,38.7097,106,9.175,2.76
2017-06-01 18:22:31,47,37.9854,106,9.1764,NULL
2017-06-01 18:22:31,47,37.9854,106,9.1764,2.53
2017-06-01 18:23:11,47,37.2628,106,9.1764,NULL
2017-06-01 18:23:11,47,37.2628,106,9.1764,3.07
2017-06-01 18:24:31,47,35.821,106,9.178,NULL
2017-06-01 18:24:31,47,35.821,106,9.178,2.71
2017-06-01 18:25:11,47,35.1025,106,9.1788,NULL
2017-06-01 18:25:11,47,35.1025,106,9.1788,2.62
2017-06-01 18:25:52,47,34.3569,106,9.1795,NULL
2017-06-01 18:25:52,47,34.3569,106,9.1795,2.72
2017-06-01 18:26:31,47,33.651,106,9.1797,NULL
2017-06-01 18:26:31,47,33.651,106,9.1797,2.58
2017-06-01 18:27:11,47,32.9292,106,9.1809,NULL
2017-06-01 18:27:11,47,32.9292,106,9.1809,2.72
2017-06-01 18:27:51,47,32.2071,106,9.2061,NULL
2017-06-01 18:27:51,47,32.2071,106,9.2061,3.19
2017-06-01 18:28:31,47,31.4929,106,9.2559,NULL
2017-06-01 18:28:31,47,31.4929,106,9.2559,2.98
2017-06-01 18:29:11,47,30.7718,106,9.2881,NULL
2017-06-01 18:29:11,47,30.7718,106,9.2881,3.71
2017-06-01 18:39:45,47,27.9698,106,10.195,NULL
2017-06-01 18:40:22,47,26.677,106,10.2493,NULL
2017-06-01 18:40:22,47,26.677,106,10.2493,2.58
2017-06-01 18:40:22,47,26.695,106,10.2493,NULL
2017-06-01 18:40:22,47,26.695,106,10.2493,2.58
2017-06-01 18:40:22,47,26.677,106,10.2494,NULL
2017-06-01 18:40:22,47,26.677,106,10.2494,2.58
2017-06-01 18:40:22,47,26.695,106,10.2494,NULL
2017-06-01 18:40:22,47,26.695,106,10.2494,2.58
2017-06-01 18:41:02,47,25.2688,106,10.2477,NULL
2017-06-01 18:41:02,47,25.2688,106,10.2477,2.77
2017-06-01 18:41:02,47,25.2858,106,10.2477,NULL
2017-06-01 18:41:02,47,25.2858,106,10.2477,2.77
2017-06-01 18:41:02,47,25.2688,106,10.2478,NULL
2017-06-01 18:41:02,47,25.2688,106,10.2478,2.77
2017-06-01 18:41:02,47,25.2858,106,10.2478,NULL
2017-06-01 18:41:02,47,25.2858,106,10.2478,2.77
2017-06-01 18:41:42,47,23.7834,106,10.3384,NULL
2017-06-01 18:41:42,47,23.7834,106,10.3384,2.64
2017-06-01 18:41:42,47,23.8008,106,10.3384,NULL
2017-06-01 18:41:42,47,23.8008,106,10.3384,2.64
2017-06-01 18:42:22,47,22.4007,106,10.2444,NULL
2017-06-01 18:42:22,47,22.4007,106,10.2444,2.66
2017-06-01 18:42:22,47,22.4187,106,10.2444,NULL
2017-06-01 18:42:22,47,22.4187,106,10.2444,2.66
2017-06-01 18:42:22,47,22.4007,106,10.2445,NULL
2017-06-01 18:42:22,47,22.4007,106,10.2445,2.66
2017-06-01 18:42:22,47,22.4187,106,10.2445,NULL
2017-06-01 18:42:22,47,22.4187,106,10.2445,2.66
2017-06-01 18:43:02,47,20.9694,106,10.2428,NULL
2017-06-01 18:43:02,47,20.9694,106,10.2428,2.73
2017-06-01 18:43:42,47,19.5589,106,10.2412,NULL
2017-06-01 18:43:42,47,19.5589,106,10.2412,2.75
2017-06-01 18:43:42,47,19.567,106,10.2412,NULL
2017-06-01 18:43:42,47,19.567,106,10.2412,2.75
2017-06-01 18:43:42,47,19.5589,106,10.2413,NULL
2017-06-01 18:43:42,47,19.5589,106,10.2413,2.75
2017-06-01 18:43:42,47,19.567,106,10.2413,NULL
2017-06-01 18:43:42,47,19.567,106,10.2413,2.75
2017-06-01 18:44:22,47,19.5391,106,11.6047,NULL
2017-06-01 18:44:22,47,19.5391,106,11.6047,2.55
2017-06-01 18:44:22,47,19.5391,106,11.6313,NULL
2017-06-01 18:44:22,47,19.5391,106,11.6313,2.55
2017-06-01 18:45:02,47,19.5411,106,13.5528,NULL
2017-06-01 18:45:02,47,19.5411,106,13.5528,2.6
2017-06-01 18:45:42,47,19.6091,106,15.4455,NULL
2017-06-01 18:45:42,47,19.6091,106,15.4455,2.6
2017-06-01 18:45:42,47,19.6106,106,15.4455,NULL
2017-06-01 18:45:42,47,19.6106,106,15.4455,2.6
2017-06-01 18:45:42,47,19.6091,106,15.4699,NULL
2017-06-01 18:45:42,47,19.6091,106,15.4699,2.6
2017-06-01 18:45:42,47,19.6106,106,15.4699,NULL
2017-06-01 18:45:42,47,19.6106,106,15.4699,2.6
2017-06-01 18:46:22,47,19.8347,106,17.2652,NULL
2017-06-01 18:46:22,47,19.8347,106,17.2652,2.64
2017-06-01 18:46:22,47,19.8444,106,17.2652,NULL
2017-06-01 18:46:22,47,19.8444,106,17.2652,2.64
2017-06-01 18:46:22,47,19.8347,106,17.2845,NULL
2017-06-01 18:46:22,47,19.8347,106,17.2845,2.64
2017-06-01 18:46:22,47,19.8444,106,17.2845,NULL
2017-06-01 18:46:22,47,19.8444,106,17.2845,2.64
2017-06-01 18:47:02,47,20.0167,106,19.0211,NULL
2017-06-01 18:47:02,47,20.0196,106,19.0211,NULL
2017-06-01 18:47:02,47,20.0167,106,19.0446,NULL
2017-06-01 18:47:02,47,20.0196,106,19.0446,NULL
2017-06-01 18:47:42,47,20.3137,106,20.854,NULL
2017-06-01 18:47:42,47,20.3137,106,20.854,2.29
2017-06-01 18:47:42,47,20.3154,106,20.854,NULL
2017-06-01 18:47:42,47,20.3154,106,20.854,2.29
2017-06-01 18:47:42,47,20.3137,106,20.8782,NULL
2017-06-01 18:47:42,47,20.3137,106,20.8782,2.29
2017-06-01 18:47:42,47,20.3154,106,20.8782,NULL
2017-06-01 18:47:42,47,20.3154,106,20.8782,2.29
2017-06-01 18:48:22,47,20.3856,106,21.9699,NULL
2017-06-01 18:48:22,47,20.3856,106,21.9699,2.69
2017-06-01 18:49:02,47,20.4444,106,22.894,NULL
2017-06-01 18:49:02,47,20.4444,106,22.894,1.88
2017-06-01 18:49:42,47,20.5206,106,23.8486,NULL
2017-06-01 18:49:42,47,20.5206,106,23.8486,2.72
2017-06-01 18:50:22,47,20.6003,106,24.7912,NULL
2017-06-01 18:50:23,47,20.6024,106,24.8154,2.32
2017-06-01 18:51:02,47,20.6799,106,25.7347,NULL
2017-06-01 18:51:02,47,20.6799,106,25.7347,2.32
2017-06-01 18:51:42,47,20.7595,106,26.679,NULL
2017-06-01 18:51:42,47,20.7595,106,26.679,2.34
2017-06-01 18:52:22,47,20.8387,106,27.6254,NULL
2017-06-01 18:52:22,47,20.8387,106,27.6254,2.67
2017-06-01 18:53:02,47,20.9172,106,28.5615,NULL
2017-06-01 18:53:02,47,20.9172,106,28.5615,2.48
2017-06-01 18:53:42,47,20.9962,106,29.5043,NULL
2017-06-01 18:53:42,47,20.9962,106,29.5043,2.72
2017-06-01 18:54:22,47,20.9685,106,30.4541,NULL
2017-06-01 18:54:22,47,20.9685,106,30.4541,2.69
2017-06-01 18:55:02,47,20.911,106,31.3789,NULL
2017-06-01 18:55:02,47,20.911,106,31.3789,2.66
2017-06-01 18:55:42,47,20.8524,106,32.3275,NULL
2017-06-01 18:55:42,47,20.8524,106,32.3275,2.79
2017-06-01 18:56:22,47,20.8078,106,33.0465,NULL
2017-06-01 18:56:22,47,20.8078,106,33.0465,2.53
2017-06-01 18:57:02,47,20.8005,106,33.1642,NULL
2017-06-01 18:57:02,47,20.8005,106,33.1642,2.72
2017-06-01 18:57:42,47,20.8005,106,33.1641,NULL
2017-06-01 18:57:42,47,20.8005,106,33.1641,2.75
2017-06-01 18:58:22,47,20.8006,106,33.164,NULL
2017-06-01 18:58:22,47,20.8006,106,33.164,2.84
2017-06-01 18:59:02,47,20.8006,106,33.1639,NULL
2017-06-01 18:59:02,47,20.8006,106,33.1639,2.76
2017-06-01 18:59:42,47,20.8006,106,33.1637,NULL
2017-06-01 18:59:42,47,20.8006,106,33.1637,2.77
2017-06-01 19:00:22,47,20.8006,106,33.1636,NULL
2017-06-01 19:00:22,47,20.8006,106,33.1636,2.76
2017-06-01 19:01:02,47,20.8006,106,33.1634,NULL
2017-06-01 19:01:02,47,20.8006,106,33.1634,2.69
2017-06-01 19:01:42,47,20.8006,106,33.1633,NULL
2017-06-01 19:01:42,47,20.8006,106,33.1633,2.7
2017-06-01 19:02:22,47,20.8006,106,33.1632,NULL
2017-06-01 19:02:22,47,20.8006,106,33.1632,2.72
2017-06-01 19:03:02,47,20.8006,106,33.1631,NULL
2017-06-01 19:03:02,47,20.8006,106,33.1631,2.72
2017-06-01 19:03:42,47,20.8006,106,33.1629,NULL
2017-06-01 19:03:42,47,20.8006,106,33.1629,2.6
2017-06-01 19:04:22,47,20.8006,106,33.1628,NULL
2017-06-01 19:04:22,47,20.8006,106,33.1628,2.72
2017-06-01 19:05:02,47,20.8007,106,33.1627,NULL
2017-06-01 19:05:42,47,20.8007,106,33.1626,NULL
2017-06-01 19:05:42,47,20.8007,106,33.1626,2.72
2017-06-01 19:06:22,47,20.8007,106,33.1625,NULL
2017-06-01 19:06:22,47,20.8007,106,33.1625,2.66
2017-06-01 19:07:02,47,20.8007,106,33.1624,NULL
2017-06-01 19:07:02,47,20.8007,106,33.1624,2.69
2017-06-01 19:07:42,47,20.8008,106,33.1622,NULL
2017-06-01 19:07:42,47,20.8008,106,33.1622,2.81
2017-06-01 19:08:22,47,20.8008,106,33.1622,NULL
2017-06-01 19:08:22,47,20.8008,106,33.1622,2.64
2017-06-01 19:09:02,47,20.8008,106,33.1622,NULL
2017-06-01 19:09:02,47,20.8008,106,33.1622,2.62
2017-06-01 19:09:42,47,20.8008,106,33.1621,NULL
2017-06-01 19:09:42,47,20.8008,106,33.1621,2.65
2017-06-01 19:10:22,47,20.8008,106,33.1621,NULL
2017-06-01 19:10:22,47,20.8008,106,33.1621,2.56
2017-06-01 19:11:02,47,20.8009,106,33.1621,NULL
2017-06-01 19:11:02,47,20.8009,106,33.1621,2.75
2017-06-01 19:11:42,47,20.7866,106,33.3995,NULL
2017-06-01 19:11:42,47,20.7866,106,33.3995,2.7
2017-06-01 19:12:22,47,20.7517,106,33.9444,NULL
2017-06-01 19:12:22,47,20.7517,106,33.9444,2.71
2017-06-01 19:13:02,47,20.7018,106,34.462,NULL
2017-06-01 19:13:02,47,20.7018,106,34.462,2.71
2017-06-01 19:13:42,47,20.5139,106,34.9162,NULL
2017-06-01 19:13:42,47,20.5139,106,34.9162,2.64
2017-06-01 19:14:22,47,20.2782,106,35.3807,NULL
2017-06-01 19:14:22,47,20.2782,106,35.3807,2.76
2017-06-01 19:15:02,47,20.2245,106,35.4797,NULL
2017-06-01 19:15:02,47,20.2245,106,35.4797,2.56
2017-06-01 19:15:42,47,20.1198,106,35.6928,NULL
2017-06-01 19:15:42,47,20.1198,106,35.6928,2.79
2017-06-01 19:16:22,47,19.9328,106,36.062,NULL
2017-06-01 19:16:22,47,19.9328,106,36.062,2.64
2017-06-01 19:17:02,47,19.7424,106,36.4752,NULL
2017-06-01 19:17:02,47,19.7424,106,36.4752,2.66
2017-06-01 19:17:42,47,19.7208,106,36.9899,NULL
2017-06-01 19:17:42,47,19.7208,106,36.9899,2.64
2017-06-01 19:18:22,47,19.7483,106,37.5445,NULL
2017-06-01 19:18:22,47,19.7483,106,37.5445,2.75
2017-06-01 19:19:02,47,19.7852,106,38.1107,NULL
2017-06-01 19:19:02,47,19.7852,106,38.1107,2.75
2017-06-01 19:19:42,47,19.9554,106,38.9801,NULL
2017-06-01 19:19:42,47,19.9554,106,38.9801,2.66
2017-06-01 19:20:22,47,20.1383,106,39.8956,NULL
2017-06-01 19:20:22,47,20.1383,106,39.8956,2.78
2017-06-01 19:21:02,47,20.1944,106,40.8221,NULL
2017-06-01 19:21:02,47,20.1944,106,40.8221,2.71
2017-06-01 19:21:42,47,20.1025,106,41.7471,NULL
2017-06-01 19:21:42,47,20.1025,106,41.7471,2.64
2017-06-01 19:22:22,47,19.966,106,42.6868,NULL
2017-06-01 19:22:22,47,19.966,106,42.6868,2.79
2017-06-01 19:23:02,47,19.8957,106,43.6071,NULL
2017-06-01 19:23:02,47,19.8957,106,43.6071,2.32
2017-06-01 19:23:42,47,19.91,106,44.5553,NULL
2017-06-01 19:23:42,47,19.91,106,44.5553,2.34
2017-06-01 19:24:22,47,19.8907,106,45.4928,NULL
2017-06-01 19:24:22,47,19.8907,106,45.4928,2.4
2017-06-01 19:25:02,47,19.7927,106,46.4335,NULL
2017-06-01 19:25:02,47,19.7927,106,46.4335,2.83
2017-06-01 19:25:42,47,19.8238,106,47.3858,NULL
2017-06-01 19:25:42,47,19.8238,106,47.3858,2.63
2017-06-01 19:26:22,47,19.8898,106,48.335,NULL
2017-06-01 19:26:22,47,19.8898,106,48.335,2.66
2017-06-01 19:27:02,47,19.9543,106,49.2718,NULL
2017-06-01 19:27:42,47,20.0195,106,50.2209,NULL
2017-06-01 19:27:42,47,20.0195,106,50.2209,2.4
2017-06-01 19:28:22,47,19.9761,106,51.1652,NULL
2017-06-01 19:28:22,47,19.9761,106,51.1652,2.76
2017-06-01 19:29:02,47,19.7994,106,52.0802,NULL
2017-06-01 19:29:02,47,19.7994,106,52.0802,2.49
2017-06-01 19:29:42,47,19.6587,106,53.0092,NULL
2017-06-01 19:29:42,47,19.6587,106,53.0092,2.49
2017-06-01 19:30:22,47,19.5845,106,53.9544,NULL
2017-06-01 19:30:22,47,19.5845,106,53.9544,2.36
2017-06-01 19:31:02,47,19.4506,106,54.5876,NULL
2017-06-01 19:31:02,47,19.4506,106,54.5876,2.6
2017-06-01 19:31:42,47,19.2074,106,54.6017,NULL
2017-06-01 19:31:42,47,19.2074,106,54.6017,2.6
2017-06-01 19:32:22,47,19.104,106,54.5919,NULL
2017-06-01 19:32:22,47,19.104,106,54.5919,2.77
2017-06-01 19:33:02,47,19.104,106,54.592,NULL
2017-06-01 19:33:02,47,19.104,106,54.592,2.81
2017-06-01 19:33:42,47,19.104,106,54.592,NULL
2017-06-01 19:33:42,47,19.104,106,54.592,2.64
2017-06-01 19:34:22,47,19.104,106,54.5919,NULL
2017-06-01 19:34:22,47,19.104,106,54.5919,2.77
2017-06-01 19:35:02,47,19.1041,106,54.5917,NULL
2017-06-01 19:35:02,47,19.1041,106,54.5917,2.71
2017-06-01 19:35:42,47,19.1041,106,54.5917,NULL
2017-06-01 19:35:42,47,19.1041,106,54.5917,2.7
2017-06-01 19:36:22,47,19.1041,106,54.5916,NULL
2017-06-01 19:36:22,47,19.1041,106,54.5916,2.7
2017-06-01 19:37:02,47,19.1042,106,54.5916,NULL
2017-06-01 19:37:02,47,19.1042,106,54.5916,2.68
2017-06-01 19:37:42,47,19.1042,106,54.5916,NULL
2017-06-01 19:37:42,47,19.1042,106,54.5916,2.65
2017-06-01 19:38:22,47,19.1042,106,54.5916,NULL
2017-06-01 19:38:22,47,19.1042,106,54.5916,2.71
2017-06-01 19:39:02,47,19.1042,106,54.5916,NULL
2017-06-01 19:39:02,47,19.1042,106,54.5916,2.73
2017-06-01 19:39:42,47,19.1043,106,54.5916,NULL
2017-06-01 19:39:42,47,19.1043,106,54.5916,2.79
2017-06-01 19:40:22,47,19.1043,106,54.5917,NULL
2017-06-01 19:40:22,47,19.1043,106,54.5917,2.68
2017-06-01 19:41:02,47,19.1043,106,54.5917,NULL
2017-06-01 19:41:02,47,19.1043,106,54.5917,2.77
2017-06-01 19:41:42,47,19.1043,106,54.5917,NULL
2017-06-01 19:41:42,47,19.1043,106,54.5917,2.77
2017-06-01 19:42:22,47,19.1044,106,54.5915,NULL
2017-06-01 19:42:22,47,19.1044,106,54.5915,2.8
2017-06-01 19:43:02,47,19.1044,106,54.5915,NULL
2017-06-01 19:43:02,47,19.1044,106,54.5915,2.56
2017-06-01 19:43:42,47,19.1044,106,54.5915,NULL
2017-06-01 19:43:42,47,19.1044,106,54.5915,2.64
2017-06-01 19:44:22,47,19.1044,106,54.5915,NULL
2017-06-01 19:44:22,47,19.1044,106,54.5915,2.77
2017-06-01 19:45:02,47,19.1044,106,54.5917,NULL
2017-06-01 19:45:02,47,19.1044,106,54.5917,2.79
2017-06-01 19:45:42,47,19.0855,106,54.5987,NULL
2017-06-01 19:45:42,47,19.0855,106,54.5987,2.7
2017-06-01 19:46:22,47,18.7528,106,54.6137,NULL
2017-06-01 19:46:22,47,18.7528,106,54.6137,2.76
2017-06-01 19:47:02,47,18.54,106,55.2906,NULL
2017-06-01 19:47:02,47,18.54,106,55.2906,2.8
2017-06-01 19:47:42,47,18.3601,106,56.1943,NULL
2017-06-01 19:47:42,47,18.3601,106,56.1943,2.66
2017-06-01 19:48:22,47,18.0944,106,57.1321,NULL
2017-06-01 19:48:22,47,18.0944,106,57.1321,2.71
2017-06-01 19:49:02,47,17.8181,106,58.1081,NULL
2017-06-01 19:49:02,47,17.8181,106,58.1081,2.68
2017-06-01 19:49:43,47,17.5418,106,59.1016,NULL
2017-06-01 19:49:43,47,17.5418,106,59.1016,2.77
2017-06-01 19:50:22,47,17.4116,106,59.9799,NULL
2017-06-01 19:50:22,47,17.4116,106,59.9799,2.53
2017-06-01 19:51:03,47,17.2651,107,0.9556,NULL
2017-06-01 19:51:03,47,17.2651,107,0.9556,2.7
2017-06-01 19:51:03,47,17.2651,107,0.9809,NULL
2017-06-01 19:51:03,47,17.2651,107,0.9809,2.7
2017-06-01 19:51:42,47,16.9168,107,1.832,NULL
2017-06-01 19:51:42,47,16.9168,107,1.832,2.79
2017-06-01 19:52:22,47,16.5883,107,2.7392,NULL
2017-06-01 19:52:22,47,16.5883,107,2.7392,2.51
2017-06-01 19:53:02,47,16.2828,107,3.6506,NULL
2017-06-01 19:53:02,47,16.2828,107,3.6506,2.62
2017-06-01 19:53:42,47,16.0444,107,4.6233,NULL
2017-06-01 19:53:42,47,16.0444,107,4.6233,2.73
2017-06-01 19:54:22,47,15.8224,107,5.5974,NULL
2017-06-01 19:54:22,47,15.8224,107,5.5974,2.64
2017-06-01 19:55:02,47,15.5231,107,6.5243,NULL
2017-06-01 19:55:02,47,15.5231,107,6.5243,2.71
2017-06-01 19:55:42,47,15.2799,107,7.4925,NULL
2017-06-01 19:55:42,47,15.2799,107,7.4925,2.67
2017-06-01 19:56:22,47,14.7758,107,8.208,NULL
2017-06-01 19:56:22,47,14.7758,107,8.208,2.77
2017-06-01 19:57:02,47,14.2643,107,8.9002,NULL
2017-06-01 19:57:02,47,14.2643,107,8.9002,2.78
2017-06-01 19:57:42,47,13.7502,107,9.5975,NULL
2017-06-01 19:57:42,47,13.7502,107,9.5975,2.58
2017-06-01 19:58:22,47,13.2958,107,10.3771,NULL
2017-06-01 19:58:22,47,13.2958,107,10.3771,2.65
2017-06-01 19:59:02,47,12.8479,107,11.1667,NULL
2017-06-01 19:59:02,47,12.8479,107,11.1667,2.71
2017-06-01 19:59:42,47,12.3877,107,11.9758,NULL
2017-06-01 19:59:42,47,12.3877,107,11.9758,2.46
2017-06-01 20:00:22,47,11.8334,107,12.6823,NULL
2017-06-01 20:00:22,47,11.8334,107,12.6823,2.58
2017-06-01 20:01:02,47,11.3734,107,13.5062,NULL
2017-06-01 20:01:02,47,11.3734,107,13.5062,2.64
2017-06-01 20:01:42,47,10.9851,107,14.3664,NULL
2017-06-01 20:01:42,47,10.9851,107,14.3664,2.55
2017-06-01 20:02:22,47,10.6101,107,15.2143,NULL
2017-06-01 20:02:22,47,10.6101,107,15.2143,2.79
2017-06-01 20:03:02,47,10.2427,107,16.099,NULL
2017-06-01 20:03:02,47,10.2427,107,16.099,2.81
2017-06-01 20:03:42,47,9.9042,107,17.0017,NULL
2017-06-01 20:03:42,47,9.9042,107,17.0017,2.69
2017-06-01 20:04:22,47,9.5672,107,17.8853,NULL
2017-06-01 20:04:22,47,9.5672,107,17.8853,2.58
2017-06-01 20:05:02,47,9.1913,107,18.7587,NULL
2017-06-01 20:05:42,47,8.7094,107,19.5092,NULL
2017-06-01 20:05:42,47,8.7094,107,19.5092,2.42
2017-06-01 20:06:22,47,8.2939,107,20.3071,NULL
2017-06-01 20:06:22,47,8.2939,107,20.3071,2.8
2017-06-01 20:06:22,47,8.3025,107,20.3071,NULL
2017-06-01 20:06:22,47,8.3025,107,20.3071,2.8
2017-06-01 20:06:22,47,8.2939,107,20.3293,NULL
2017-06-01 20:06:22,47,8.2939,107,20.3293,2.8
2017-06-01 20:06:22,47,8.3025,107,20.3293,NULL
2017-06-01 20:06:22,47,8.3025,107,20.3293,2.8
2017-06-01 20:07:02,47,8.0508,107,21.2649,NULL
2017-06-01 20:07:02,47,8.0508,107,21.2649,2.68
2017-06-01 20:07:42,47,8.05,107,22.2773,NULL
2017-06-01 20:07:42,47,8.05,107,22.2773,2.48
2017-06-01 20:08:22,47,7.8676,107,23.2751,NULL
2017-06-01 20:08:22,47,7.8676,107,23.2751,2.77
2017-06-01 20:09:02,47,7.6314,107,24.2428,NULL
2017-06-01 20:09:02,47,7.6314,107,24.2428,2.32
2017-06-01 20:09:42,47,7.3954,107,25.2087,NULL
2017-06-01 20:09:42,47,7.3954,107,25.2087,2.33
2017-06-01 20:10:22,47,7.0891,107,26.1407,NULL
2017-06-01 20:10:22,47,7.0891,107,26.1407,2.66
2017-06-01 20:11:02,47,6.7311,107,27.0741,NULL
2017-06-01 20:11:02,47,6.7311,107,27.0741,2.59
2017-06-01 20:11:42,47,6.3873,107,28.0931,NULL
2017-06-01 20:11:42,47,6.3873,107,28.0931,2.79
2017-06-01 20:12:22,47,6.0483,107,29.1277,NULL
2017-06-01 20:12:22,47,6.0483,107,29.1277,2.75
2017-06-01 20:13:02,47,5.738,107,30.075,NULL
2017-06-01 20:13:02,47,5.738,107,30.075,2.71
2017-06-01 20:13:42,47,5.4357,107,30.9933,NULL
2017-06-01 20:13:42,47,5.4357,107,30.9933,2.62
2017-06-01 20:14:23,47,5.167,107,31.9638,NULL
2017-06-01 20:14:23,47,5.167,107,31.9638,2.71
2017-06-01 20:15:02,47,4.9931,107,32.9388,NULL
2017-06-01 20:15:02,47,4.9931,107,32.9388,2.78
2017-06-01 20:15:42,47,4.8155,107,33.9264,NULL
2017-06-01 20:15:42,47,4.8155,107,33.9264,2.59
2017-06-01 20:16:22,47,4.4244,107,34.7755,NULL
2017-06-01 20:16:22,47,4.4244,107,34.7755,2.68
2017-06-01 20:17:02,47,3.8995,107,35.4393,NULL
2017-06-01 20:17:02,47,3.8995,107,35.4393,2.85
2017-06-01 20:17:42,47,3.4456,107,36.1734,NULL
2017-06-01 20:17:42,47,3.4456,107,36.1734,2.56
2017-06-01 20:18:22,47,3.1384,107,37.0972,NULL
2017-06-01 20:18:22,47,3.1384,107,37.0972,2.43
2017-06-01 20:19:02,47,2.9029,107,38.0625,NULL
2017-06-01 20:19:02,47,2.9029,107,38.0625,2.73
2017-06-01 20:19:42,47,2.766,107,39.0688,NULL
2017-06-01 20:19:42,47,2.766,107,39.0688,2.6
2017-06-01 20:20:23,47,2.5892,107,40.0876,NULL
2017-06-01 20:20:23,47,2.5892,107,40.0876,2.62
2017-06-01 20:21:02,47,2.2614,107,40.9622,NULL
2017-06-01 20:21:02,47,2.2614,107,40.9622,2.84
2017-06-01 20:21:42,47,1.9037,107,41.8413,NULL
2017-06-01 20:21:42,47,1.9037,107,41.8413,2.66
2017-06-01 20:22:22,47,1.5571,107,42.7158,NULL
2017-06-01 20:22:22,47,1.5571,107,42.7158,2.73
2017-06-01 20:23:02,47,1.338,107,43.6914,NULL
2017-06-01 20:23:02,47,1.338,107,43.6914,2.75
2017-06-01 20:23:42,47,1.0389,107,44.621,NULL
2017-06-01 20:23:42,47,1.0389,107,44.621,2.73
2017-06-01 20:24:22,47,0.7146,107,45.5321,NULL
2017-06-01 20:24:22,47,0.7146,107,45.5321,2.48
2017-06-01 20:25:02,47,0.3897,107,46.4461,NULL
2017-06-01 20:25:02,47,0.3897,107,46.4461,2.59
2017-06-01 20:25:42,47,0.0652,107,47.3583,NULL
2017-06-01 20:25:42,47,0.0652,107,47.3583,2.75
2017-06-01 20:26:22,46,59.821,107,48.3156,NULL
2017-06-01 20:26:22,46,59.821,107,48.3156,2.79
2017-06-01 20:27:02,46,59.6376,107,49.3071,NULL
2017-06-01 20:27:02,46,59.6376,107,49.3071,2.71
2017-06-01 20:27:42,46,59.2471,107,50.1505,NULL
2017-06-01 20:27:42,46,59.2471,107,50.1505,2.54
2017-06-01 20:28:22,46,59.2821,107,51.1514,NULL
2017-06-01 20:28:22,46,59.2821,107,51.1514,2.82
2017-06-01 20:29:02,46,59.4406,107,52.0434,NULL
2017-06-01 20:29:02,46,59.4406,107,52.0434,2.68
2017-06-01 20:29:42,46,59.6155,107,52.9449,NULL
2017-06-01 20:29:42,46,59.6155,107,52.9449,2.68
2017-06-01 20:30:22,46,59.6613,107,53.9004,NULL
2017-06-01 20:30:22,46,59.6613,107,53.9004,2.77
2017-06-01 20:31:02,46,59.6676,107,54.8629,NULL
2017-06-01 20:31:02,46,59.6676,107,54.8629,2.71
2017-06-01 20:31:42,46,59.6739,107,55.822,NULL
2017-06-01 20:31:42,46,59.6739,107,55.822,1.01
2017-06-01 20:32:22,46,59.664,107,56.7579,NULL
2017-06-01 20:33:02,46,59.6006,107,57.7167,NULL
2017-06-01 20:33:02,46,59.6006,107,57.7167,2.73
2017-06-01 20:33:42,46,59.8396,107,58.6111,NULL
2017-06-01 20:33:42,46,59.8396,107,58.6111,2.42
2017-06-01 20:34:22,47,0.0781,107,59.4948,NULL
2017-06-01 20:34:22,47,0.0781,107,59.4948,2.29
2017-06-01 20:35:02,47,0.384,108,0.3419,NULL
2017-06-01 20:35:02,47,0.384,108,0.3419,2.66
2017-06-01 20:35:42,47,0.6957,108,1.2,NULL
2017-06-01 20:35:42,47,0.6957,108,1.2,2.77
2017-06-01 20:36:22,47,0.7518,108,2.1476,NULL
2017-06-01 20:36:22,47,0.7518,108,2.1476,2.62
2017-06-01 20:37:02,47,0.7672,108,3.1016,NULL
2017-06-01 20:37:02,47,0.7672,108,3.1016,2.3
2017-06-01 20:37:42,47,0.9479,108,4.0289,NULL
2017-06-01 20:37:42,47,0.9479,108,4.0289,2.66
2017-06-01 20:38:22,47,0.9001,108,4.9827,NULL
2017-06-01 20:38:22,47,0.9001,108,4.9827,2.61
2017-06-01 20:39:02,47,0.7542,108,5.9273,NULL
2017-06-01 20:39:02,47,0.7542,108,5.9273,2.72
2017-06-01 20:39:42,47,0.7538,108,6.8946,NULL
2017-06-01 20:39:42,47,0.7538,108,6.8946,2.42
2017-06-01 20:40:22,47,0.7594,108,7.9407,NULL
2017-06-01 20:40:22,47,0.7594,108,7.9407,2.73
2017-06-01 20:41:02,47,0.7668,108,8.9778,NULL
2017-06-01 20:41:02,47,0.7668,108,8.9778,2.7
2017-06-01 20:41:42,47,0.7422,108,9.9604,NULL
2017-06-01 20:41:42,47,0.7422,108,9.9604,2.71
2017-06-01 20:42:22,47,0.7544,108,10.9866,NULL
2017-06-01 20:42:22,47,0.7544,108,10.9866,2.75
2017-06-01 20:43:02,47,0.7545,108,12.0194,NULL
2017-06-01 20:43:02,47,0.7545,108,12.0194,2.81
2017-06-01 20:43:42,47,0.7198,108,12.9655,NULL
2017-06-01 20:43:42,47,0.7198,108,12.9655,2.71
2017-06-01 20:44:22,47,0.5357,108,13.9101,NULL
2017-06-01 20:44:22,47,0.5357,108,13.9101,2.63
2017-06-01 20:45:02,47,0.3095,108,14.903,NULL
2017-06-01 20:45:02,47,0.3095,108,14.903,2.51
2017-06-01 20:45:42,47,0.2342,108,15.9356,NULL
2017-06-01 20:45:42,47,0.2342,108,15.9356,2.83
2017-06-01 20:46:22,47,0.1865,108,16.9779,NULL
2017-06-01 20:46:22,47,0.1865,108,16.9779,2.62
2017-06-01 20:47:02,47,0.3992,108,17.994,NULL
2017-06-01 20:47:02,47,0.3992,108,17.994,2.5
2017-06-01 20:47:42,47,0.722,108,19.0123,NULL
2017-06-01 20:47:42,47,0.722,108,19.0123,2.64
2017-06-01 20:48:22,47,0.7874,108,20.0391,NULL
2017-06-01 20:48:22,47,0.7874,108,20.0391,2.69
2017-06-01 20:49:02,47,0.7281,108,21.075,NULL
2017-06-01 20:49:02,47,0.7281,108,21.075,2.84
2017-06-01 20:49:42,47,0.6866,108,22.1188,NULL
2017-06-01 20:49:42,47,0.6866,108,22.1188,2.71
2017-06-01 20:50:22,47,0.6909,108,23.162,NULL
2017-06-01 20:50:22,47,0.6909,108,23.162,2.73
2017-06-01 20:51:02,47,0.6951,108,24.2078,NULL
2017-06-01 20:51:02,47,0.6951,108,24.2078,2.5
2017-06-01 20:51:42,47,0.7001,108,25.2524,NULL
2017-06-01 20:51:42,47,0.7001,108,25.2524,2.42
2017-06-01 20:52:22,47,0.7082,108,26.298,NULL
2017-06-01 20:52:22,47,0.7082,108,26.298,2.17
2017-06-01 20:53:02,47,0.7218,108,27.4023,NULL
2017-06-01 20:53:02,47,0.7218,108,27.4023,2.61
2017-06-01 20:53:42,47,0.9704,108,28.4843,NULL
2017-06-01 20:53:42,47,0.9704,108,28.4843,2.77
2017-06-01 20:54:22,47,1.293,108,29.5346,NULL
2017-06-01 20:54:22,47,1.293,108,29.5346,2.64
2017-06-01 20:55:02,47,1.6372,108,30.6374,NULL
2017-06-01 20:55:02,47,1.6372,108,30.6374,2.65
2017-06-01 20:55:42,47,1.8052,108,31.73,NULL
2017-06-01 20:55:42,47,1.8052,108,31.73,2.8
2017-06-01 20:56:22,47,1.9737,108,32.8153,NULL
2017-06-01 20:56:22,47,1.9737,108,32.8153,2.65
2017-06-01 20:57:02,47,2.1359,108,33.9036,NULL
2017-06-01 20:57:02,47,2.1359,108,33.9036,2.65
2017-06-01 20:57:42,47,2.1917,108,35.0104,NULL
2017-06-01 20:57:42,47,2.1917,108,35.0104,2.77
2017-06-01 20:58:22,47,2.2479,108,36.1215,NULL
2017-06-01 20:58:22,47,2.2479,108,36.1215,2.64
2017-06-01 20:59:02,47,2.4053,108,37.1364,NULL
2017-06-01 20:59:02,47,2.4053,108,37.1364,2.78
2017-06-01 20:59:42,47,2.6216,108,38.0889,NULL
2017-06-01 20:59:42,47,2.6216,108,38.0889,2.7
2017-06-01 21:00:22,47,2.8346,108,39.0512,NULL
2017-06-01 21:00:22,47,2.8346,108,39.0512,2.51
2017-06-01 21:01:02,47,3.1053,108,39.9783,NULL
2017-06-01 21:01:02,47,3.1053,108,39.9783,2.59
2017-06-01 21:01:42,47,3.2643,108,40.8314,NULL
2017-06-01 21:01:42,47,3.2643,108,40.8314,2.52
2017-06-01 21:02:22,47,3.4179,108,41.8416,NULL
2017-06-01 21:02:22,47,3.4179,108,41.8416,2.57
2017-06-01 21:03:02,47,3.4651,108,42.8699,NULL
2017-06-01 21:03:02,47,3.4651,108,42.8699,2.64
2017-06-01 21:03:42,47,3.4639,108,43.9048,NULL
2017-06-01 21:03:42,47,3.4639,108,43.9048,2.69
2017-06-01 21:04:22,47,3.5096,108,44.9419,NULL
2017-06-01 21:04:22,47,3.5096,108,44.9419,2.77
2017-06-01 21:05:02,47,3.6307,108,45.8503,NULL
2017-06-01 21:05:42,47,3.5338,108,46.6718,NULL
2017-06-01 21:05:42,47,3.5338,108,46.6718,2.58
2017-06-01 21:06:22,47,3.1766,108,47.5493,NULL
2017-06-01 21:06:22,47,3.1766,108,47.5493,2.67
2017-06-01 21:07:02,47,2.5337,108,47.9552,NULL
2017-06-01 21:07:02,47,2.5337,108,47.9552,2.81
2017-06-01 21:07:42,47,2.4353,108,48.1901,NULL
2017-06-01 21:07:42,47,2.4353,108,48.1901,2.63
2017-06-01 21:08:22,47,2.4729,108,48.8116,NULL
2017-06-01 21:08:22,47,2.4729,108,48.8116,2.67
2017-06-01 21:09:02,47,2.6317,108,49.6981,NULL
2017-06-01 21:09:02,47,2.6317,108,49.6981,2.79
2017-06-01 21:09:42,47,2.7057,108,50.7031,NULL
2017-06-01 21:09:42,47,2.7057,108,50.7031,2.83
2017-06-01 21:10:22,47,2.6855,108,51.7463,NULL
2017-06-01 21:10:22,47,2.6855,108,51.7463,2.75
2017-06-01 21:11:02,47,2.6667,108,52.7924,NULL
2017-06-01 21:11:02,47,2.6667,108,52.7924,2.7
2017-06-01 21:11:42,47,2.7759,108,53.8227,NULL
2017-06-01 21:11:42,47,2.7759,108,53.8227,2.76
2017-06-01 21:12:22,47,2.8771,108,54.7684,NULL
2017-06-01 21:12:22,47,2.8771,108,54.7684,2.72
2017-06-01 21:13:02,47,2.8813,108,55.7018,NULL
2017-06-01 21:13:02,47,2.8813,108,55.7018,2.79
2017-06-01 21:13:42,47,2.8836,108,56.6571,NULL
2017-06-01 21:13:42,47,2.8836,108,56.6571,2.81
2017-06-01 21:14:22,47,3.0167,108,57.5708,NULL
2017-06-01 21:14:22,47,3.0167,108,57.5708,2.6
2017-06-01 21:15:02,47,3.2981,108,58.4315,NULL
2017-06-01 21:15:02,47,3.2981,108,58.4315,2.58
2017-06-01 21:15:42,47,3.4346,108,59.3697,NULL
2017-06-01 21:15:42,47,3.4346,108,59.3697,2.38
2017-06-01 21:16:22,47,3.6275,109,0.2851,NULL
2017-06-01 21:16:22,47,3.6275,109,0.2851,2.35
2017-06-01 21:17:02,47,3.7314,109,1.2673,NULL
2017-06-01 21:17:02,47,3.7314,109,1.2673,2.31
2017-06-01 21:17:42,47,3.7254,109,2.3391,NULL
2017-06-01 21:17:42,47,3.7254,109,2.3391,2.69
2017-06-01 21:18:22,47,3.7194,109,3.3487,NULL
2017-06-01 21:18:22,47,3.7194,109,3.3487,2.67
2017-06-01 21:19:02,47,3.7269,109,4.3633,NULL
2017-06-01 21:19:02,47,3.7269,109,4.3633,2.73
2017-06-01 21:19:02,47,4.2227,109,4.3633,NULL
2017-06-01 21:19:02,47,4.2227,109,4.3633,2.73
2017-06-01 21:19:02,47,3.7269,109,24.7209,NULL
2017-06-01 21:19:02,47,3.7269,109,24.7209,2.73
2017-06-01 21:19:02,47,4.2227,109,24.7209,NULL
2017-06-01 21:19:02,47,4.2227,109,24.7209,2.73
2017-06-01 21:19:42,47,3.7335,109,5.3699,NULL
2017-06-01 21:19:42,47,3.7335,109,5.3699,2.61
2017-06-01 21:20:22,47,3.7361,109,6.3807,NULL
2017-06-01 21:20:22,47,3.7361,109,6.3807,2.81
2017-06-01 21:20:22,47,4.224,109,6.3807,NULL
2017-06-01 21:20:22,47,4.224,109,6.3807,2.81
2017-06-01 21:20:22,47,3.7361,109,24.7207,NULL
2017-06-01 21:20:22,47,3.7361,109,24.7207,2.81
2017-06-01 21:20:22,47,4.224,109,24.7207,NULL
2017-06-01 21:20:22,47,4.224,109,24.7207,2.81
2017-06-01 21:21:02,47,3.7358,109,7.3972,NULL
2017-06-01 21:21:02,47,3.7358,109,7.3972,2.72
2017-06-01 21:21:02,47,4.2244,109,7.3972,NULL
2017-06-01 21:21:02,47,4.2244,109,7.3972,2.72
2017-06-01 21:21:02,47,3.7358,109,24.7207,NULL
2017-06-01 21:21:02,47,3.7358,109,24.7207,2.72
2017-06-01 21:21:02,47,4.2244,109,24.7207,NULL
2017-06-01 21:21:02,47,4.2244,109,24.7207,2.72
2017-06-01 21:21:42,47,3.4489,109,8.2868,NULL
2017-06-01 21:21:42,47,3.4489,109,8.2868,2.54
2017-06-01 21:21:42,47,4.2249,109,8.2868,NULL
2017-06-01 21:21:42,47,4.2249,109,8.2868,2.54
2017-06-01 21:21:42,47,3.4489,109,24.721,NULL
2017-06-01 21:21:42,47,3.4489,109,24.721,2.54
2017-06-01 21:21:42,47,4.2249,109,24.721,NULL
2017-06-01 21:21:42,47,4.2249,109,24.721,2.54
2017-06-01 21:22:22,47,3.5186,109,9.238,NULL
2017-06-01 21:22:22,47,3.5186,109,9.238,2.79
2017-06-01 21:22:22,47,4.2255,109,9.238,NULL
2017-06-01 21:22:22,47,4.2255,109,9.238,2.79
2017-06-01 21:22:22,47,3.5186,109,24.7212,NULL
2017-06-01 21:22:22,47,3.5186,109,24.7212,2.79
2017-06-01 21:22:22,47,4.2255,109,24.7212,NULL
2017-06-01 21:22:22,47,4.2255,109,24.7212,2.79
2017-06-01 21:23:02,47,3.5386,109,10.1999,NULL
2017-06-01 21:23:02,47,3.5386,109,10.1999,2.82
2017-06-01 21:23:02,47,4.2263,109,10.1999,NULL
2017-06-01 21:23:02,47,4.2263,109,10.1999,2.82
2017-06-01 21:23:02,47,3.5386,109,24.7213,NULL
2017-06-01 21:23:02,47,3.5386,109,24.7213,2.82
2017-06-01 21:23:02,47,4.2263,109,24.7213,NULL
2017-06-01 21:23:02,47,4.2263,109,24.7213,2.82
2017-06-01 21:23:42,47,3.6497,109,11.1885,NULL
2017-06-01 21:23:42,47,3.6497,109,11.1885,2.73
2017-06-01 21:23:42,47,4.2275,109,11.1885,NULL
2017-06-01 21:23:42,47,4.2275,109,11.1885,2.73
2017-06-01 21:23:42,47,3.6497,109,24.7223,NULL
2017-06-01 21:23:42,47,3.6497,109,24.7223,2.73
2017-06-01 21:23:42,47,4.2275,109,24.7223,NULL
2017-06-01 21:23:42,47,4.2275,109,24.7223,2.73
2017-06-01 21:24:22,47,3.8787,109,12.1456,NULL
2017-06-01 21:24:22,47,3.8787,109,12.1456,2.76
2017-06-01 21:24:22,47,4.2276,109,12.1456,NULL
2017-06-01 21:24:22,47,4.2276,109,12.1456,2.76
2017-06-01 21:24:22,47,3.8787,109,24.7226,NULL
2017-06-01 21:24:22,47,3.8787,109,24.7226,2.76
2017-06-01 21:24:22,47,4.2276,109,24.7226,NULL
2017-06-01 21:24:22,47,4.2276,109,24.7226,2.76
2017-06-01 21:25:02,47,4.1294,109,12.9461,NULL
2017-06-01 21:25:02,47,4.1294,109,12.9461,2.72
2017-06-01 21:25:02,47,4.2282,109,12.9461,NULL
2017-06-01 21:25:02,47,4.2282,109,12.9461,2.72
2017-06-01 21:25:02,47,4.1294,109,24.7226,NULL
2017-06-01 21:25:02,47,4.1294,109,24.7226,2.72
2017-06-01 21:25:02,47,4.2282,109,24.7226,NULL
2017-06-01 21:25:02,47,4.2282,109,24.7226,2.72
2017-06-01 21:25:42,47,4.2284,109,13.8025,NULL
2017-06-01 21:25:42,47,4.2284,109,13.8025,2.65
2017-06-01 21:25:42,47,4.2346,109,13.8025,NULL
2017-06-01 21:25:42,47,4.2346,109,13.8025,2.65
2017-06-01 21:25:42,47,4.2284,109,24.7226,NULL
2017-06-01 21:25:42,47,4.2284,109,24.7226,2.65
2017-06-01 21:25:42,47,4.2346,109,24.7226,NULL
2017-06-01 21:25:42,47,4.2346,109,24.7226,2.65
2017-06-01 21:26:22,47,4.2283,109,14.7261,NULL
2017-06-01 21:26:22,47,4.2283,109,14.7261,2.59
2017-06-01 21:26:22,47,4.31,109,14.7261,NULL
2017-06-01 21:26:22,47,4.31,109,14.7261,2.59
2017-06-01 21:26:22,47,4.2283,109,24.723,NULL
2017-06-01 21:26:22,47,4.2283,109,24.723,2.59
2017-06-01 21:26:22,47,4.31,109,24.723,NULL
2017-06-01 21:26:22,47,4.31,109,24.723,2.59
2017-06-01 21:27:02,47,4.2279,109,15.5323,NULL
2017-06-01 21:27:02,47,4.2279,109,15.5323,2.75
2017-06-01 21:27:02,47,4.4724,109,15.5323,NULL
2017-06-01 21:27:02,47,4.4724,109,15.5323,2.75
2017-06-01 21:27:02,47,4.2279,109,24.7228,NULL
2017-06-01 21:27:02,47,4.2279,109,24.7228,2.75
2017-06-01 21:27:02,47,4.4724,109,24.7228,NULL
2017-06-01 21:27:02,47,4.4724,109,24.7228,2.75
2017-06-01 21:27:32,47,4.2281,109,16.0678,NULL
2017-06-01 21:27:32,47,4.2281,109,16.0678,3.36
2017-06-01 21:27:32,47,4.5852,109,16.0678,NULL
2017-06-01 21:27:32,47,4.5852,109,16.0678,3.36
2017-06-01 21:27:32,47,4.2281,109,24.7227,NULL
2017-06-01 21:27:32,47,4.2281,109,24.7227,3.36
2017-06-01 21:27:32,47,4.5852,109,24.7227,NULL
2017-06-01 21:27:32,47,4.5852,109,24.7227,3.36
2017-06-01 21:27:45,47,4.2282,109,24.7226,NULL
2017-06-01 21:27:46,47,4.2282,109,24.7226,2.46
2017-06-01 21:28:34,47,4.2287,109,24.7224,NULL
2017-06-01 21:28:35,47,4.2287,109,16.3365,2.81
2017-06-01 21:28:35,47,4.2287,109,24.7224,2.81
2017-06-01 21:28:51,47,4.2287,109,24.7224,NULL
2017-06-01 21:28:51,47,4.2287,109,24.7224,3.38
2017-06-01 21:28:51,47,4.4886,109,24.7224,NULL
2017-06-01 21:28:51,47,4.4886,109,24.7224,3.38
2017-06-01 21:29:26,47,4.2283,109,24.7225,NULL
2017-06-01 21:29:26,47,4.4445,109,24.7225,NULL
2017-06-01 21:29:30,47,4.2284,109,24.7225,2.75
2017-06-01 21:29:31,47,4.2284,109,24.7225,NULL
2017-06-01 21:29:31,47,4.2284,109,24.7225,2.96
2017-06-01 21:30:13,47,4.2285,109,24.7229,3.23
2017-06-01 21:30:25,47,4.2287,109,24.7228,NULL
2017-06-01 21:30:25,47,4.2287,109,24.7228,2.65
2017-06-01 21:30:51,47,4.2291,109,24.7227,NULL
2017-06-01 21:30:51,47,4.2291,109,24.7227,3.05
2017-06-01 21:31:12,47,4.2293,109,24.7227,NULL
2017-06-01 21:31:13,47,4.2293,109,24.7227,2.75
2017-06-01 21:31:31,47,4.2295,109,24.7227,NULL
2017-06-01 21:31:31,47,4.2295,109,24.7227,3.13
2017-06-01 21:31:58,47,4.2297,109,24.7227,NULL
2017-06-01 21:31:59,47,4.1906,109,24.7227,2.69
2017-06-01 21:31:59,47,4.2297,109,24.7227,2.69
2017-06-01 21:32:11,47,4.2298,109,24.7227,NULL
2017-06-01 21:32:11,47,4.2298,109,24.7227,2.96
2017-06-01 21:32:51,47,4.2306,109,24.7226,NULL
2017-06-01 21:32:51,47,4.2306,109,24.7226,2.94
2017-06-01 21:32:53,47,4.075,109,24.7219,NULL
2017-06-01 21:32:53,47,4.075,109,24.7219,2.76
2017-06-01 21:32:53,47,4.2309,109,24.7219,NULL
2017-06-01 21:32:53,47,4.2309,109,24.7219,2.76
2017-06-01 21:33:31,47,4.2287,109,24.8481,NULL
2017-06-01 21:33:31,47,4.2287,109,24.8481,3.15
2017-06-01 21:33:50,47,4.2282,109,25.006,NULL
2017-06-01 21:33:51,47,4.2281,109,25.0138,2.62
2017-06-01 21:34:11,47,4.2034,109,25.1476,NULL
2017-06-01 21:34:11,47,4.2034,109,25.1476,3.32
2017-06-01 21:34:37,47,4.1042,109,25.2985,NULL
2017-06-01 21:34:38,47,3.8198,109,25.3046,2.65
2017-06-01 21:34:38,47,4.1002,109,25.3046,2.65
2017-06-01 21:34:51,47,4.0541,109,25.3741,NULL
2017-06-01 21:34:51,47,4.0541,109,25.3741,3.08
2017-06-01 21:35:31,47,4.075,109,25.5228,NULL
2017-06-01 21:35:31,47,4.075,109,25.5228,3.23
2017-06-01 21:36:11,47,4.1355,109,25.6079,NULL
2017-06-01 21:36:11,47,4.1355,109,25.6079,3.05
2017-06-01 21:36:51,47,4.1971,109,25.9462,NULL
2017-06-01 21:36:51,47,4.1971,109,25.9462,3.05
2017-06-01 21:37:31,47,4.2431,109,26.5185,NULL
2017-06-01 21:37:31,47,4.2431,109,26.5185,3.58
2017-06-01 21:38:11,47,4.2586,109,27.1529,NULL
2017-06-01 21:38:11,47,4.2586,109,27.1529,3.02
2017-06-01 21:38:51,47,3.9323,109,27.6452,NULL
2017-06-01 21:38:51,47,3.9323,109,27.6452,2.99
2017-06-01 21:39:31,47,3.4869,109,28.1701,NULL
2017-06-01 21:39:31,47,3.4869,109,28.1701,3.19
2017-06-01 21:45:09,47,3.331,109,30.2218,NULL
2017-06-01 21:45:09,47,3.331,109,30.2218,2.91
2017-06-01 21:45:09,47,3.331,109,30.246,NULL
2017-06-01 21:45:09,47,3.331,109,30.246,2.91
2017-06-01 21:45:46,47,3.3285,109,31.9424,NULL
2017-06-01 21:45:46,47,3.3285,109,31.9424,3.14
2017-06-01 21:46:26,47,3.0773,109,33.7777,NULL
2017-06-01 21:46:26,47,3.0773,109,33.7777,3.09
2017-06-01 21:46:26,47,3.0854,109,33.7777,NULL
2017-06-01 21:46:26,47,3.0854,109,33.7777,3.09
2017-06-01 21:46:26,47,3.0773,109,33.7978,NULL
2017-06-01 21:46:26,47,3.0773,109,33.7978,3.09
2017-06-01 21:46:26,47,3.0854,109,33.7978,NULL
2017-06-01 21:46:26,47,3.0854,109,33.7978,3.09
2017-06-01 21:47:06,47,2.3558,109,35.4484,NULL
2017-06-01 21:47:06,47,2.3558,109,35.4484,2.75
2017-06-01 21:47:06,47,2.3676,109,35.4484,NULL
2017-06-01 21:47:06,47,2.3676,109,35.4484,2.75
2017-06-01 21:47:46,47,1.3683,109,36.8127,NULL
2017-06-01 21:47:46,47,1.3683,109,36.8127,2.99
2017-06-01 21:48:26,47,0.3725,109,38.3636,NULL
2017-06-01 21:48:26,47,0.3725,109,38.3636,3.3
2017-06-01 21:48:26,47,0.383,109,38.3636,NULL
2017-06-01 21:48:26,47,0.383,109,38.3636,3.3
2017-06-01 21:48:26,47,0.3725,109,38.3844,NULL
2017-06-01 21:48:26,47,0.3725,109,38.3844,3.3
2017-06-01 21:48:26,47,0.383,109,38.3844,NULL
2017-06-01 21:48:26,47,0.383,109,38.3844,3.3
2017-06-01 21:49:06,46,59.5421,109,40.02,NULL
2017-06-01 21:49:06,46,59.5421,109,40.02,2.94
2017-06-01 21:49:46,46,59.1218,109,40.8503,NULL
2017-06-01 21:49:46,46,59.1218,109,40.8503,3.11
2017-06-01 21:50:26,46,58.9797,109,41.8142,NULL
2017-06-01 21:50:26,46,58.9797,109,41.8142,3.12
2017-06-01 21:51:06,46,58.9816,109,42.7595,NULL
2017-06-01 21:51:06,46,58.9816,109,42.7595,2.81
2017-06-01 21:51:46,46,58.9824,109,43.7826,NULL
2017-06-01 21:51:46,46,58.9824,109,43.7826,3.04
2017-06-01 21:52:26,46,58.9833,109,44.5702,NULL
2017-06-01 21:52:26,46,58.9833,109,44.5702,3.18
2017-06-01 21:53:06,46,58.7789,109,44.7198,NULL
2017-06-01 21:53:06,46,58.7789,109,44.7198,3.16
2017-06-01 21:53:06,46,58.7789,109,44.7201,NULL
2017-06-01 21:53:06,46,58.7789,109,44.7201,3.16
2017-06-01 21:53:46,46,58.1096,109,44.6991,NULL
2017-06-01 21:53:46,46,58.1096,109,44.6991,3.05
2017-06-01 21:53:46,46,58.1096,109,44.6995,NULL
2017-06-01 21:53:46,46,58.1096,109,44.6995,3.05
2017-06-01 21:54:26,46,57.4269,109,44.8702,NULL
2017-06-01 21:54:26,46,57.4269,109,44.8702,2.81
2017-06-01 21:55:06,46,56.7491,109,45.0942,NULL
2017-06-01 21:55:06,46,56.7491,109,45.0942,2.99
2017-06-01 21:55:46,46,56.0876,109,45.4034,NULL
2017-06-01 21:55:46,46,56.0876,109,45.4034,3.16
2017-06-01 21:56:26,46,55.4287,109,45.7146,NULL
2017-06-01 21:56:26,46,55.4287,109,45.7146,2.81
2017-06-01 21:57:06,46,54.7505,109,45.9266,NULL
2017-06-01 21:57:06,46,54.7505,109,45.9266,3.3
2017-06-01 21:57:46,46,54.0594,109,45.9613,NULL
2017-06-01 21:57:46,46,54.0594,109,45.9613,3.58
2017-06-01 21:58:26,46,53.3677,109,45.9547,NULL
2017-06-01 21:58:26,46,53.3677,109,45.9547,2.61
2017-06-01 21:59:06,46,52.6755,109,45.9491,NULL
2017-06-01 21:59:06,46,52.6755,109,45.9491,2.88
2017-06-01 21:59:46,46,51.9825,109,45.9462,NULL
2017-06-01 21:59:46,46,51.9825,109,45.9462,2.72
2017-06-01 22:00:26,46,51.2876,109,45.9437,NULL
2017-06-01 22:00:26,46,51.2876,109,45.9437,3.01
2017-06-01 22:01:06,46,50.5954,109,45.9118,NULL
2017-06-01 22:01:06,46,50.5954,109,45.9118,2.82
2017-06-01 22:01:46,46,49.9018,109,45.7742,NULL
2017-06-01 22:01:46,46,49.9018,109,45.7742,2.86
2017-06-01 22:02:26,46,49.1255,109,45.6208,NULL
2017-06-01 22:02:26,46,49.1255,109,45.6208,3.38
2017-06-01 22:03:06,46,48.4383,109,45.4856,NULL
2017-06-01 22:03:06,46,48.4383,109,45.4856,3.23
2017-06-01 22:03:46,46,47.7477,109,45.381,NULL
2017-06-01 22:03:46,46,47.7477,109,45.381,2.8
2017-06-01 22:04:26,46,47.0548,109,45.3797,NULL
2017-06-01 22:04:26,46,47.0548,109,45.3797,2.9
2017-06-01 22:05:06,46,46.357,109,45.3791,NULL
2017-06-01 22:05:06,46,46.357,109,45.3791,3.38
2017-06-01 22:05:46,46,45.6647,109,45.3564,NULL
2017-06-01 22:05:46,46,45.6647,109,45.3564,3.41
2017-06-01 22:06:26,46,45.0039,109,45.0532,NULL
2017-06-01 22:06:26,46,45.0039,109,45.0532,2.68
2017-06-01 22:07:06,46,44.3246,109,44.8487,NULL
2017-06-01 22:07:06,46,44.3246,109,44.8487,3.21
2017-06-01 22:07:46,46,43.6531,109,44.5965,NULL
2017-06-01 22:07:46,46,43.6531,109,44.5965,2.9
2017-06-01 22:07:46,46,43.6531,109,44.6028,NULL
2017-06-01 22:07:46,46,43.6531,109,44.6028,2.9
2017-06-01 22:08:26,46,42.9813,109,44.3461,NULL
2017-06-01 22:08:26,46,42.9813,109,44.3461,3.01
2017-06-01 22:09:06,46,42.2499,109,44.3125,NULL
2017-06-01 22:09:06,46,42.2499,109,44.3125,3.36
2017-06-01 22:09:46,46,41.5391,109,44.8257,NULL
2017-06-01 22:09:46,46,41.5391,109,44.8257,3.34
2017-06-01 22:10:26,46,40.934,109,45.1454,NULL
2017-06-01 22:10:26,46,40.934,109,45.1454,3.19
2017-06-01 22:10:26,46,40.9461,109,45.1454,NULL
2017-06-01 22:10:26,46,40.9461,109,45.1454,3.19
2017-06-01 22:11:06,46,40.5519,109,45.1467,NULL
2017-06-01 22:11:06,46,40.5519,109,45.1467,3.62
2017-06-01 22:11:46,46,40.0015,109,45.3018,NULL
2017-06-01 22:11:46,46,40.0015,109,45.3018,2.77
2017-06-01 22:12:26,46,39.3237,109,45.5175,NULL
2017-06-01 22:12:26,46,39.3237,109,45.5175,3.05
2017-06-01 22:13:06,46,38.6409,109,45.7336,NULL
2017-06-01 22:13:06,46,38.6409,109,45.7336,2.96
2017-06-01 22:13:46,46,37.9399,109,45.95,NULL
2017-06-01 22:13:46,46,37.9399,109,45.95,3.01
2017-06-01 22:14:26,46,37.2393,109,45.9527,NULL
2017-06-01 22:14:26,46,37.2393,109,45.9527,2.96
2017-06-01 22:15:46,46,35.85,109,45.9532,NULL
2017-06-01 22:15:46,46,35.85,109,45.9532,2.77
2017-06-01 22:16:26,46,35.0797,109,45.9546,NULL
2017-06-01 22:16:26,46,35.0797,109,45.9546,1.84
2017-06-01 22:17:06,46,34.2795,109,45.9566,NULL
2017-06-01 22:17:06,46,34.2795,109,45.9566,2.81
2017-06-01 22:17:46,46,33.5269,109,45.958,NULL
2017-06-01 22:17:46,46,33.5269,109,45.958,2.83
2017-06-01 22:18:26,46,32.7801,109,45.9597,NULL
2017-06-01 22:18:26,46,32.7801,109,45.9597,2.7
2017-06-01 22:19:06,46,32.0318,109,45.9627,NULL
2017-06-01 22:19:06,46,32.0318,109,45.9627,2.93
2017-06-01 22:19:46,46,31.2834,109,45.9637,NULL
2017-06-01 22:19:46,46,31.2834,109,45.9637,3.2
2017-06-01 22:20:26,46,30.5353,109,45.9655,NULL
2017-06-01 22:20:26,46,30.5353,109,45.9655,3.6
2017-06-01 22:21:06,46,29.7861,109,45.9659,NULL
2017-06-01 22:21:06,46,29.7861,109,45.9659,2.85
2017-06-01 22:21:46,46,29.0361,109,45.9666,NULL
2017-06-01 22:21:46,46,29.0361,109,45.9666,3.17
2017-06-01 22:22:26,46,28.3044,109,45.9936,NULL
2017-06-01 22:22:26,46,28.3044,109,45.9936,3.15
2017-06-01 22:23:06,46,27.7388,109,46.481,NULL
2017-06-01 22:23:06,46,27.7388,109,46.481,3.75
2017-06-01 22:23:46,46,27.2372,109,47.1479,NULL
2017-06-01 22:23:46,46,27.2372,109,47.1479,3.15
2017-06-01 22:24:26,46,26.7412,109,47.8047,NULL
2017-06-01 22:24:26,46,26.7412,109,47.8047,2.85
2017-06-01 22:25:06,46,26.3138,109,48.5027,NULL
2017-06-01 22:25:06,46,26.3138,109,48.5027,2.85
2017-06-01 22:25:46,46,26.2142,109,48.8567,NULL
2017-06-01 22:25:46,46,26.2142,109,48.8567,2.82
2017-06-01 22:26:26,46,26.3178,109,49.4945,NULL
2017-06-01 22:26:26,46,26.3178,109,49.4945,3.05
2017-06-01 22:27:06,46,26.2744,109,49.9313,NULL
2017-06-01 22:27:06,46,26.2744,109,49.9313,2.97
2017-06-01 22:27:46,46,26.1858,109,50.296,NULL
2017-06-01 22:27:46,46,26.1858,109,50.296,3.19
2017-06-01 22:28:26,46,26.1078,109,50.5257,NULL
2017-06-01 22:28:26,46,26.1078,109,50.5257,3.28
2017-06-01 22:29:06,46,25.5518,109,50.5293,NULL
2017-06-01 22:29:06,46,25.5518,109,50.5293,3.3
2017-06-01 22:29:46,46,24.8397,109,50.5219,NULL
2017-06-01 22:29:46,46,24.8397,109,50.5219,3.08
2017-06-01 22:30:26,46,24.0771,109,50.4893,NULL
2017-06-01 22:30:26,46,24.0771,109,50.4893,3.04
2017-06-01 22:31:06,46,23.3638,109,50.7223,NULL
2017-06-01 22:31:06,46,23.3638,109,50.7223,3.15
2017-06-01 22:31:46,46,22.6966,109,51.0376,NULL
2017-06-01 22:31:46,46,22.6966,109,51.0376,2.98
2017-06-01 22:32:26,46,22.126,109,51.6088,NULL
2017-06-01 22:32:26,46,22.126,109,51.6088,2.71
2017-06-01 22:33:06,46,21.5884,109,52.2511,NULL
2017-06-01 22:33:06,46,21.5884,109,52.2511,2.99
2017-06-01 22:33:46,46,21.0295,109,52.8491,NULL
2017-06-01 22:33:46,46,21.0295,109,52.8491,2.9
2017-06-01 22:34:26,46,20.3525,109,53.0456,NULL
2017-06-01 22:34:26,46,20.3525,109,53.0456,3.56
2017-06-01 22:35:06,46,19.655,109,53.0368,NULL
2017-06-01 22:35:06,46,19.655,109,53.0368,3.15
2017-06-01 22:35:46,46,18.9753,109,53.03,NULL
2017-06-01 22:36:26,46,18.3388,109,53.0237,NULL
2017-06-01 22:36:26,46,18.3388,109,53.0237,3.24
2017-06-01 22:37:06,46,17.6912,109,53.0176,NULL
2017-06-01 22:37:06,46,17.6912,109,53.0176,2.71
2017-06-01 22:37:46,46,16.9835,109,53.0188,NULL
2017-06-01 22:37:46,46,16.9835,109,53.0188,2.96
2017-06-01 22:38:26,46,16.2964,109,53.1895,NULL
2017-06-01 22:38:26,46,16.2964,109,53.1895,2.82
2017-06-01 22:39:06,46,15.6167,109,53.452,NULL
2017-06-01 22:39:06,46,15.6167,109,53.452,3.12
2017-06-01 22:39:46,46,14.9294,109,53.6824,NULL
2017-06-01 22:39:46,46,14.9294,109,53.6824,2.61
2017-06-01 22:40:26,46,14.2263,109,53.699,NULL
2017-06-01 22:40:26,46,14.2263,109,53.699,2.73
2017-06-01 22:41:06,46,13.537,109,53.7835,NULL
2017-06-01 22:41:06,46,13.537,109,53.7835,3.07
2017-06-01 22:41:46,46,12.8431,109,53.8674,NULL
2017-06-01 22:41:46,46,12.8431,109,53.8674,2.95
2017-06-01 22:42:26,46,12.1423,109,53.952,NULL
2017-06-01 22:42:26,46,12.1423,109,53.952,3.51
2017-06-01 22:43:06,46,11.4433,109,54.0381,NULL
2017-06-01 22:43:06,46,11.4433,109,54.0381,3.16
2017-06-01 22:43:46,46,10.7561,109,54.1214,NULL
2017-06-01 22:43:46,46,10.7561,109,54.1214,2.97
2017-06-01 22:44:26,46,10.0533,109,54.2075,NULL
2017-06-01 22:44:26,46,10.0533,109,54.2075,2.73
2017-06-01 22:45:06,46,9.3559,109,54.2924,NULL
2017-06-01 22:45:06,46,9.3559,109,54.2924,3.17
2017-06-01 22:45:46,46,8.6888,109,54.5901,NULL
2017-06-01 22:45:46,46,8.6888,109,54.5901,2.78
2017-06-01 22:46:26,46,8.0217,109,54.9567,NULL
2017-06-01 22:46:26,46,8.0217,109,54.9567,2.89
2017-06-01 22:47:06,46,7.3592,109,55.3196,NULL
2017-06-01 22:47:06,46,7.3592,109,55.3196,2.94
2017-06-01 22:47:46,46,6.7003,109,55.6813,NULL
2017-06-01 22:47:46,46,6.7003,109,55.6813,3.31
2017-06-01 22:48:26,46,6.0439,109,56.0414,NULL
2017-06-01 22:48:26,46,6.0439,109,56.0414,2.9
2017-06-01 22:49:06,46,5.3529,109,56.1775,NULL
2017-06-01 22:49:06,46,5.3529,109,56.1775,1.28
2017-06-01 22:49:46,46,4.6486,109,56.1472,NULL
2017-06-01 22:49:46,46,4.6486,109,56.1472,3.15
2017-06-01 22:50:26,46,3.9621,109,56.2887,NULL
2017-06-01 22:50:26,46,3.9621,109,56.2887,3.2
2017-06-01 22:51:06,46,3.3467,109,56.7974,NULL
2017-06-01 22:51:06,46,3.3467,109,56.7974,3.08
2017-06-01 22:51:46,46,2.7063,109,57.12,NULL
2017-06-01 22:51:46,46,2.7063,109,57.12,3.06
2017-06-01 22:52:26,46,2.0055,109,57.1461,NULL
2017-06-01 22:52:26,46,2.0055,109,57.1461,2.84
2017-06-01 22:53:06,46,1.324,109,57.3957,NULL
2017-06-01 22:53:06,46,1.324,109,57.3957,3.21
2017-06-01 22:53:46,46,0.5947,109,57.5055,NULL
2017-06-01 22:53:46,46,0.5947,109,57.5055,2.79
2017-06-01 22:54:26,45,59.8456,109,57.6486,NULL
2017-06-01 22:54:26,45,59.8456,109,57.6486,3.36
2017-06-01 22:55:06,45,59.2046,109,58.069,NULL
2017-06-01 22:55:06,45,59.2046,109,58.069,3.29
2017-06-01 22:55:46,45,58.5087,109,58.1595,NULL
2017-06-01 22:55:46,45,58.5087,109,58.1595,2.99
2017-06-01 22:56:26,45,57.8077,109,58.2725,NULL
2017-06-01 22:56:26,45,57.8077,109,58.2725,3.21
2017-06-01 22:57:06,45,57.1798,109,58.586,NULL
2017-06-01 22:57:06,45,57.1798,109,58.586,2.95
2017-06-01 22:57:46,45,56.6157,109,58.9617,NULL
2017-06-01 22:57:46,45,56.6157,109,58.9617,2.94
2017-06-01 22:58:26,45,55.9958,109,59.1823,NULL
2017-06-01 22:58:26,45,55.9958,109,59.1823,3.03
2017-06-01 22:59:06,45,55.4356,109,58.827,NULL
2017-06-01 22:59:06,45,55.4356,109,58.827,2.6
2017-06-01 22:59:46,45,54.6817,109,58.6882,NULL
2017-06-01 22:59:46,45,54.6817,109,58.6882,3.32
2017-06-01 23:00:26,45,54.0634,109,58.351,NULL
2017-06-01 23:00:26,45,54.0634,109,58.351,3.17
2017-06-01 23:01:46,45,52.9652,109,57.4234,NULL
2017-06-01 23:01:46,45,52.9652,109,57.4234,3.51
2017-06-01 23:02:26,45,52.4054,109,56.8951,NULL
2017-06-01 23:02:26,45,52.4054,109,56.8951,3.06
2017-06-01 23:03:06,45,51.8747,109,56.3467,NULL
2017-06-01 23:03:06,45,51.8747,109,56.3467,3.4
2017-06-01 23:03:46,45,51.3167,109,56.3727,NULL
2017-06-01 23:03:46,45,51.3167,109,56.3727,3.12
2017-06-01 23:04:26,45,50.8904,109,56.4513,NULL
2017-06-01 23:04:26,45,50.8904,109,56.4513,3.31
2017-06-01 23:05:06,45,50.5705,109,56.5312,NULL
2017-06-01 23:05:06,45,50.5705,109,56.5312,3.02
2017-06-01 23:05:46,45,50.3737,109,56.8602,NULL
2017-06-01 23:05:46,45,50.3737,109,56.8602,3.03
2017-06-01 23:06:26,45,50.2332,109,57.0952,NULL
2017-06-01 23:06:26,45,50.2332,109,57.0952,3.22
2017-06-01 23:07:06,45,50.1027,109,57.3146,NULL
2017-06-01 23:07:06,45,50.1027,109,57.3146,3.12
2017-06-01 23:07:46,45,49.9371,109,57.5951,NULL
2017-06-01 23:07:46,45,49.9371,109,57.5951,3.23
2017-06-01 23:08:26,45,49.739,109,58.1222,NULL
2017-06-01 23:08:26,45,49.739,109,58.1222,3.05
2017-06-01 23:09:06,45,49.5639,109,58.394,NULL
2017-06-01 23:09:06,45,49.5639,109,58.394,3.28
2017-06-01 23:09:46,45,49.3517,109,58.9375,NULL
2017-06-01 23:09:46,45,49.3517,109,58.9375,3.55
2017-06-01 23:10:26,45,48.946,109,59.8607,NULL
2017-06-01 23:10:26,45,48.946,109,59.8607,3.1
2017-06-01 23:11:06,45,48.5317,110,0.7978,NULL
2017-06-01 23:11:06,45,48.5317,110,0.7978,3.03
2017-06-01 23:11:46,45,48.0533,110,1.6644,NULL
2017-06-01 23:11:46,45,48.0533,110,1.6644,3.31
2017-06-01 23:12:26,45,47.5359,110,2.4907,NULL
2017-06-01 23:12:26,45,47.5359,110,2.4907,2.75
2017-06-01 23:13:06,45,47.0445,110,3.3486,NULL
2017-06-01 23:13:06,45,47.0445,110,3.3486,3.43
2017-06-01 23:13:46,45,46.5984,110,4.1769,NULL
2017-06-01 23:13:46,45,46.5984,110,4.1769,3.26
2017-06-01 23:14:26,45,46.1531,110,5.0367,NULL
2017-06-01 23:14:26,45,46.1531,110,5.0367,3.06
2017-06-01 23:15:06,45,45.8254,110,6.0139,NULL
2017-06-01 23:15:06,45,45.8254,110,6.0139,3.38
2017-06-01 23:15:46,45,45.6006,110,7.0569,NULL
2017-06-01 23:15:46,45,45.6006,110,7.0569,3.34
2017-06-01 23:16:26,45,45.3738,110,8.105,NULL
2017-06-01 23:16:26,45,45.3738,110,8.105,2.94
2017-06-01 23:17:06,45,45.1471,110,9.1507,NULL
2017-06-01 23:17:06,45,45.1471,110,9.1507,2.83
2017-06-01 23:17:46,45,44.9203,110,10.1963,NULL
2017-06-01 23:17:46,45,44.9203,110,10.1963,2.81
2017-06-01 23:18:26,45,44.6621,110,11.2268,NULL
2017-06-01 23:18:27,45,44.6553,110,11.2524,3.23
2017-06-01 23:19:06,45,44.3899,110,12.2501,NULL
2017-06-01 23:19:06,45,44.3899,110,12.2501,3.1
2017-06-01 23:19:46,45,44.1513,110,13.2912,NULL
2017-06-01 23:19:46,45,44.1513,110,13.2912,2.68
2017-06-01 23:20:26,45,43.7678,110,14.2042,NULL
2017-06-01 23:20:26,45,43.7678,110,14.2042,3.44
2017-06-01 23:21:06,45,43.2891,110,15.0437,NULL
2017-06-01 23:21:06,45,43.2891,110,15.0437,2.68
2017-06-01 23:21:46,45,42.7844,110,15.8134,NULL
2017-06-01 23:21:46,45,42.7844,110,15.8134,2.6
2017-06-01 23:22:26,45,42.0459,110,15.6618,NULL
2017-06-01 23:22:26,45,42.0459,110,15.6618,3.34
2017-06-01 23:23:06,45,41.5914,110,16.4123,NULL
2017-06-01 23:23:06,45,41.5914,110,16.4123,2.95
2017-06-01 23:23:46,45,41.6612,110,17.5066,NULL
2017-06-01 23:23:46,45,41.6612,110,17.5066,3.4
2017-06-01 23:24:26,45,41.7584,110,18.5913,NULL
2017-06-01 23:24:26,45,41.7584,110,18.5913,3
2017-06-01 23:25:06,45,42.0567,110,19.5996,NULL
2017-06-01 23:25:06,45,42.0567,110,19.5996,2.98
2017-06-01 23:25:46,45,42.2883,110,20.6369,NULL
2017-06-01 23:25:46,45,42.2883,110,20.6369,3.04
2017-06-01 23:26:26,45,42.3655,110,21.7253,NULL
2017-06-01 23:26:26,45,42.3655,110,21.7253,2.89
2017-06-01 23:27:06,45,42.4429,110,22.814,NULL
2017-06-01 23:27:06,45,42.4429,110,22.814,3.42
2017-06-01 23:27:46,45,42.7757,110,23.7904,NULL
2017-06-01 23:27:46,45,42.7757,110,23.7904,2.67
2017-06-01 23:29:06,45,42.7781,110,25.9741,NULL
2017-06-01 23:29:06,45,42.7781,110,25.9741,2.73
2017-06-01 23:29:46,45,42.5351,110,26.9918,NULL
2017-06-01 23:29:46,45,42.5351,110,26.9918,2.67
2017-06-01 23:30:26,45,42.1491,110,27.9628,NULL
2017-06-01 23:30:26,45,42.1491,110,27.9628,2.88
2017-06-01 23:31:06,45,41.7731,110,28.9027,NULL
2017-06-01 23:31:06,45,41.7731,110,28.9027,2.76
2017-06-01 23:31:46,45,41.4552,110,29.699,NULL
2017-06-01 23:31:46,45,41.4552,110,29.699,2.7
2017-06-01 23:32:26,45,41.1153,110,30.2774,NULL
2017-06-01 23:32:26,45,41.1153,110,30.2774,3.1
2017-06-01 23:33:06,45,40.7257,110,30.6988,NULL
2017-06-01 23:33:06,45,40.7257,110,30.6988,2.87
2017-06-01 23:33:46,45,40.2569,110,31.2128,NULL
2017-06-01 23:33:46,45,40.2569,110,31.2128,2.89
2017-06-01 23:34:26,45,39.7486,110,31.7693,NULL
2017-06-01 23:34:26,45,39.7486,110,31.7693,2.93
2017-06-01 23:35:06,45,39.2635,110,32.3299,NULL
2017-06-01 23:35:06,45,39.2635,110,32.3299,3.78
2017-06-01 23:35:46,45,38.8502,110,32.9136,NULL
2017-06-01 23:36:26,45,38.6623,110,33.4731,NULL
2017-06-01 23:36:26,45,38.6623,110,33.4731,2.82
2017-06-01 23:37:06,45,38.6712,110,34.0803,NULL
2017-06-01 23:37:06,45,38.6712,110,34.0803,2.88
2017-06-01 23:37:46,45,38.6989,110,35.0254,NULL
2017-06-01 23:37:46,45,38.6989,110,35.0254,3.27
2017-06-01 23:38:26,45,38.8797,110,36.0848,NULL
2017-06-01 23:38:26,45,38.8797,110,36.0848,3.22
2017-06-01 23:39:06,45,39.1956,110,37.0743,NULL
2017-06-01 23:39:06,45,39.1956,110,37.0743,2.67
2017-06-01 23:39:46,45,39.5242,110,37.9939,NULL
2017-06-01 23:39:46,45,39.5242,110,37.9939,2.94